rep,n,d,p,sq,vol,area,dist,step
50000,3,1,0.01,13538,477,2818,22.0,477
50000,3,1,0.02,27031,1154,6666,115.31370849898475,1146
50000,3,1,0.03,40745,1724,9780,249.84474917977712,1707
50000,3,1,0.04,54312,2619,14584,462.71261999128933,2567
50000,3,1,0.05,67366,3545,19290,769.7068403995474,3430
50000,3,1,0.060000000000000005,80924,4252,22866,1006.1344601855152,4091
50000,3,1,0.07,94286,5394,28496,1399.1284876639609,5101
50000,3,1,0.08,107867,6529,34040,1743.442242189105,6071
50000,3,1,0.09,121435,7920,40450,2287.478087112725,7277
50000,3,1,0.09999999999999999,134969,9540,48154,2826.2138747618887,8620
50000,3,1,0.10999999999999999,148237,10924,54400,3363.9562690579314,9757
50000,3,1,0.11999999999999998,161710,12774,62666,3976.842688779226,11155
50000,3,1,0.12999999999999998,175050,14381,70108,4485.075899040366,12409
50000,3,1,0.13999999999999999,188883,16898,80896,5331.393577292051,14191
50000,3,1,0.15,202457,18666,88682,5829.466574886673,15422
50000,3,1,0.16,216599,22086,103464,6923.317906533584,17817
50000,3,1,0.17,229267,24397,113364,7583.0984214144955,19387
50000,3,1,0.18000000000000002,242292,27219,125058,8456.08644288183,21191
50000,3,1,0.19000000000000003,256519,30908,140622,9412.481862979956,23562
50000,3,1,0.20000000000000004,270615,34508,155150,10333.431512816458,25594
50000,3,1,0.21000000000000005,283027,36897,164982,10873.746749883752,26920
50000,3,1,0.22000000000000006,297412,42758,188950,12399.141765987208,30388
50000,3,1,0.23000000000000007,310523,47009,205796,13264.116984646611,32612
50000,3,1,0.24000000000000007,323689,50540,220174,14083.719396702769,34585
50000,3,1,0.25000000000000006,336971,56406,243348,15378.804927885929,37613
50000,3,1,0.26000000000000006,350028,61652,264176,16410.547267292386,40217
50000,3,1,0.2700000000000001,363873,65912,279710,17185.584515242168,42167
50000,3,1,0.2800000000000001,378629,73637,310464,18607.509291685674,45877
50000,3,1,0.2900000000000001,390910,78578,328674,19264.263628206412,47614
50000,3,1,0.3000000000000001,404165,85367,355024,20493.817389750853,50658
50000,3,1,0.3100000000000001,418556,91937,379058,21482.19338830411,53321
50000,3,1,0.3200000000000001,431791,100320,411364,22838.132097689406,57019
50000,3,1,0.3300000000000001,446007,108991,443204,24017.886311932678,60201
50000,3,1,0.34000000000000014,458053,117799,476208,25244.41750319,63693
50000,3,1,0.35000000000000014,472505,125171,502916,26178.905045316835,66301
50000,3,1,0.36000000000000015,485724,136007,542730,27574.283307441136,70304
50000,3,1,0.37000000000000016,499640,144931,574966,28635.619877662375,73356
50000,3,1,0.38000000000000017,512377,153366,605236,29481.580648713276,75914
50000,3,1,0.3900000000000002,525742,163666,641484,30563.768596122707,79167
50000,3,1,0.4000000000000002,539273,174143,677364,31611.80635870064,82209
50000,3,1,0.4100000000000002,552331,185580,717968,32775.972657748935,85699
50000,3,1,0.4200000000000002,567278,197645,759156,33916.784377368895,89304
50000,3,1,0.4300000000000002,579765,209428,799616,34957.80314706326,92282
50000,3,1,0.4400000000000002,593772,221444,839652,36001.812342208075,95628
50000,3,1,0.45000000000000023,607560,235191,885916,37048.587742257325,98926
50000,3,1,0.46000000000000024,620703,246950,923754,37930.835403316916,101422
50000,3,1,0.47000000000000025,633805,263705,980710,39437.266239682154,106066
50000,3,1,0.48000000000000026,648401,277478,1023934,40303.535236714015,108726
50000,3,1,0.49000000000000027,661188,290735,1066280,41199.39676768958,112015
50000,3,1,0.5000000000000002,674549,304616,1109566,42260.77530226192,114728
50000,3,1,0.5100000000000002,687960,319496,1154746,43112.7923444129,117075
50000,3,1,0.5200000000000002,701860,334752,1200088,43976.32249106086,119916
50000,3,1,0.5300000000000002,715377,350579,1248672,44959.5044413247,123023
50000,3,1,0.5400000000000003,728874,366749,1298132,45996.68153388429,126104
50000,3,1,0.5500000000000003,742584,385188,1351980,47228.822279428954,129666
50000,3,1,0.5600000000000003,756113,401369,1397228,48079.278062618876,131639
50000,3,1,0.5700000000000003,770140,418453,1445128,48912.1196481496,134427
50000,3,1,0.5800000000000003,783592,433655,1486456,49702.12260719039,136490
50000,3,1,0.5900000000000003,797971,452959,1538498,50697.92595590438,139104
50000,3,1,0.6000000000000003,809876,468612,1581036,51574.222656599966,141318
50000,3,1,0.6100000000000003,823631,490411,1640778,52842.30792743003,144546
50000,3,1,0.6200000000000003,835523,503299,1670156,53296.80100092205,145593
50000,3,1,0.6300000000000003,849888,520800,1712682,54046.50419976043,147427
50000,3,1,0.6400000000000003,864583,541900,1763838,55059.05737925276,149351
50000,3,1,0.6500000000000004,877761,563489,1816402,56198.65723389452,151799
50000,3,1,0.6600000000000004,890551,582803,1862922,57240.07629025467,154453
50000,3,1,0.6700000000000004,903468,598740,1896572,57842.50873425611,155449
50000,3,1,0.6800000000000004,917930,621183,1946290,58889.188940231936,157148
50000,3,1,0.6900000000000004,931260,640152,1986672,59737.07560818249,159085
50000,3,1,0.7000000000000004,944195,658601,2020264,60478.539618193136,159741
50000,3,1,0.7100000000000004,958135,680512,2065634,61546.92923730179,161876
50000,3,1,0.7200000000000004,971977,702402,2108242,62490.5326019188,163359
50000,3,1,0.7300000000000004,984495,716683,2131320,62951.99016754047,164033
50000,3,1,0.7400000000000004,999016,741635,2177764,64103.66108999414,165879
50000,3,1,0.7500000000000004,1012414,763094,2215660,65052.046393471515,167355
50000,3,1,0.7600000000000005,1025352,779002,2236152,65522.11432507827,167723
50000,3,1,0.7700000000000005,1039735,804721,2277640,66672.92811210873,169239
50000,3,1,0.7800000000000005,1054969,828988,2317136,67703.40196629245,170815
50000,3,1,0.7900000000000005,1067204,847905,2343334,68469.70047404354,171972
50000,3,1,0.8000000000000005,1079462,865574,2362252,69079.38235830625,172429
50000,3,1,0.8100000000000005,1092909,888938,2396398,70047.59875973481,173978
50000,3,1,0.8200000000000005,1107081,916523,2436744,71320.65610329474,175756
50000,3,1,0.8300000000000005,1120192,936089,2455044,71970.17515613143,176389
50000,3,1,0.8400000000000005,1133325,955586,2473526,72628.35446300595,176971
50000,3,1,0.8500000000000005,1146980,979542,2501592,73567.12600070592,178419
50000,3,1,0.8600000000000005,1160822,1001526,2521052,74356.94116895534,179349
50000,3,1,0.8700000000000006,1174174,1026709,2546658,75373.65499299571,180755
50000,3,1,0.8800000000000006,1188110,1048065,2558916,76054.35096036857,181526
50000,3,1,0.8900000000000006,1201663,1077291,2591528,77339.53265958144,183687
50000,3,1,0.9000000000000006,1215003,1097775,2600970,77957.87479788197,184350
50000,3,1,0.9100000000000006,1229159,1121810,2615602,78775.40277905243,185456
50000,3,1,0.9200000000000006,1241833,1141558,2621104,79353.90774877898,186161
50000,3,1,0.9300000000000006,1255389,1170255,2644634,80526.50614550016,188285
50000,3,1,0.9400000000000006,1268362,1193773,2655318,81328.44566940253,189658
50000,3,1,0.9500000000000006,1282395,1218962,2664406,82159.8300570335,191079
50000,3,1,0.9600000000000006,1296099,1245028,2674810,83065.69262938974,192638
50000,3,1,0.9700000000000006,1309628,1271256,2682504,83966.35904932329,194394
50000,3,1,0.9800000000000006,1322976,1297512,2691120,84873.9536724871,196236
50000,3,1,0.9900000000000007,1336568,1323742,2696482,85739.97907626936,198067
50000,3,1,1.0000000000000007,1350000,1350000,2700000,86602.54037843649,200000
50000,3,2,0.01,3606,6,32,2.0,6
50000,3,2,0.02,14688,23,134,2.0,23
50000,3,2,0.03,33091,39,228,3.0,39
50000,3,2,0.04,58948,87,486,13.414213562373096,83
50000,3,2,0.05,90832,165,908,34.80311861943436,163
50000,3,2,0.060000000000000005,130130,226,1250,49.242640687119284,224
50000,3,2,0.07,178305,394,2068,109.92991341295169,375
50000,3,2,0.08,233830,519,2662,137.59652183072862,469
50000,3,2,0.09,294531,732,3704,223.20202528886523,666
50000,3,2,0.09999999999999999,366102,913,4570,276.4278672300531,821
50000,3,2,0.10999999999999999,441116,1192,5924,359.29954647328935,1038
50000,3,2,0.11999999999999998,527054,1646,8070,529.108356805563,1453
50000,3,2,0.12999999999999998,615190,1897,9138,594.2798679802753,1599
50000,3,2,0.13999999999999999,712917,2327,11112,752.5478918072739,1961
50000,3,2,0.15,822703,3003,14082,987.2286037459797,2459
50000,3,2,0.16,933942,3637,16956,1186.2248163609288,2942
50000,3,2,0.17,1053780,4622,21180,1485.1044218192726,3606
50000,3,2,0.18000000000000002,1183861,5568,25168,1776.3795655886072,4227
50000,3,2,0.19000000000000003,1313437,6186,27756,1920.773497974824,4603
50000,3,2,0.20000000000000004,1461417,7458,33040,2352.1393934308944,5395
50000,3,2,0.21000000000000005,1610223,9310,40910,2794.2834765904745,6494
50000,3,2,0.22000000000000006,1767070,11086,47892,3283.54029768103,7488
50000,3,2,0.23000000000000007,1922673,12861,55234,3729.332626563894,8565
50000,3,2,0.24000000000000007,2107669,15114,64122,4348.7759282407005,9797
50000,3,2,0.25000000000000006,2277445,17853,75118,4993.31345157637,11227
50000,3,2,0.26000000000000006,2462465,20941,87298,5738.419205963074,12714
50000,3,2,0.2700000000000001,2651822,25005,103162,6647.056866878502,14736
50000,3,2,0.2800000000000001,2862434,29377,120044,7451.043578915902,16499
50000,3,2,0.2900000000000001,3074076,36340,146376,8776.63563093966,19385
50000,3,2,0.3000000000000001,3274597,41761,166752,9771.910145069183,21726
50000,3,2,0.3100000000000001,3504267,48703,193108,10940.953650341678,24200
50000,3,2,0.3200000000000001,3734066,59828,234504,12700.710061696584,28264
50000,3,2,0.3300000000000001,3972738,70714,274944,14471.810534951135,32040
50000,3,2,0.34000000000000014,4218788,85294,328496,16296.641880213876,36554
50000,3,2,0.35000000000000014,4468003,101523,387572,18290.93520176347,41516
50000,3,2,0.36000000000000015,4726831,123047,465474,20663.69163664604,47384
50000,3,2,0.37000000000000016,4990844,149322,560950,23263.258588355176,54142
50000,3,2,0.38000000000000017,5263534,181507,675754,26096.05693966033,61483
50000,3,2,0.3900000000000002,5536797,218344,806682,29198.27833217463,70075
50000,3,2,0.4000000000000002,5823544,265715,972558,33113.01536536525,79951
50000,3,2,0.4100000000000002,6126447,310214,1127742,35472.979240311375,87409
50000,3,2,0.4200000000000002,6422728,379111,1367034,39594.41538328506,99477
50000,3,2,0.4300000000000002,6727385,456467,1632334,43558.67529238192,111575
50000,3,2,0.4400000000000002,7057510,544133,1932124,47459.936206866994,123933
50000,3,2,0.45000000000000023,7389047,659535,2319700,52593.52278567205,139517
50000,3,2,0.46000000000000024,7718873,773246,2698542,56348.6945862086,152167
50000,3,2,0.47000000000000025,8049428,909196,3144850,60979.70810541178,166737
50000,3,2,0.48000000000000026,8396119,1054324,3618258,65117.49694974549,180200
50000,3,2,0.49000000000000027,8755171,1234540,4198066,70217.56566601299,195903
50000,3,2,0.5000000000000002,9118746,1430944,4817282,75060.69389661329,211478
50000,3,2,0.5100000000000002,9481671,1656504,5526194,80575.83014060745,227602
50000,3,2,0.5200000000000002,9849467,1879110,6203912,84869.84409280188,241290
50000,3,2,0.5300000000000002,10247801,2118642,6920770,89088.63542430123,252842
50000,3,2,0.5400000000000003,10637841,2377665,7681534,94214.16120701071,265474
50000,3,2,0.5500000000000003,11018659,2649403,8457744,98462.47965316464,277458
50000,3,2,0.5600000000000003,11404411,2959638,9336046,104222.1629795451,290783
50000,3,2,0.5700000000000003,11852179,3244282,10110182,107385.54851855917,298857
50000,3,2,0.5800000000000003,12255298,3589276,11031914,112988.55709175818,309436
50000,3,2,0.5900000000000003,12684733,3945434,11960520,118231.49813007645,320221
50000,3,2,0.6000000000000003,13109692,4237312,12657640,121262.5799040445,323574
50000,3,2,0.6100000000000003,13567494,4645484,13670410,126453.49967301378,332077
50000,3,2,0.6200000000000003,14009440,4991860,14450694,130342.35588729741,336198
50000,3,2,0.6300000000000003,14449067,5456350,15551068,136812.2218786048,346955
50000,3,2,0.6400000000000003,14925983,5871745,16446076,141287.37646981116,353741
50000,3,2,0.6500000000000004,15399884,6277593,17274320,145290.5282369853,355874
50000,3,2,0.6600000000000004,15870364,6681856,18051748,149603.20073271793,360245
50000,3,2,0.6700000000000004,16361264,7087375,18783402,152968.79950102317,361376
50000,3,2,0.6800000000000004,16865091,7634386,19825466,158917.66639450015,368936
50000,3,2,0.6900000000000004,17337174,8132400,20697738,164219.70105149833,375345
50000,3,2,0.7000000000000004,17858078,8661432,21578482,169569.76612846978,381587
50000,3,2,0.7100000000000004,18374593,9191406,22407966,174134.40708959897,385519
50000,3,2,0.7200000000000004,18909325,9735145,23183518,178688.55872833863,388452
50000,3,2,0.7300000000000004,19427920,10340816,24082834,184695.0259311709,396063
50000,3,2,0.7400000000000004,19952671,10903335,24762792,189305.6285602433,400364
50000,3,2,0.7500000000000004,20501693,11577731,25620284,195195.49636377807,407396
50000,3,2,0.7600000000000005,21048662,12085595,26064232,198233.54478653375,408693
50000,3,2,0.7700000000000005,21600924,12731726,26716322,203465.75664855004,413969
50000,3,2,0.7800000000000005,22156532,13461183,27471466,209587.47723402645,422378
50000,3,2,0.7900000000000005,22751182,14208281,28162490,215320.7455521491,430235
50000,3,2,0.8000000000000005,23317184,15051331,28928918,222397.00110526124,440052
50000,3,2,0.8100000000000005,23927089,15836029,29496612,228200.78973377624,448038
50000,3,2,0.8200000000000005,24499835,16620541,29985184,233783.871379402,455824
50000,3,2,0.8300000000000005,25097650,17304036,30144302,237500.01370580017,459847
50000,3,2,0.8400000000000005,25732981,18316317,30787758,245237.24147705242,472385
50000,3,2,0.8500000000000005,26334611,19099863,30940006,249886.43410973894,478953
50000,3,2,0.8600000000000005,26957344,19982720,31141200,255537.22255068904,488095
50000,3,2,0.8700000000000006,27585127,21015430,31458066,262585.30555186066,499701
50000,3,2,0.8800000000000006,28225970,21984909,31546056,268626.6987686457,509807
50000,3,2,0.8900000000000006,28872834,22922352,31465760,273871.8736929439,518308
50000,3,2,0.9000000000000006,29526161,23908502,31294262,279393.6516674596,527574
50000,3,2,0.9100000000000006,30184709,25018494,31187752,286093.22419111914,539353
50000,3,2,0.9200000000000006,30870015,26222245,30998274,293340.1247699691,552220
50000,3,2,0.9300000000000006,31523123,27355698,30630910,299831.8511967209,563865
50000,3,2,0.9400000000000006,32206274,28571317,30161900,306572.992939762,576076
50000,3,2,0.9500000000000006,32886452,29719305,29478650,312413.4682628696,586709
50000,3,2,0.9600000000000006,33585919,31009018,28744738,319313.9586802066,599433
50000,3,2,0.9700000000000006,34298346,32300740,27849220,325854.18252957024,611587
50000,3,2,0.9800000000000006,35005999,33626147,26808278,332470.6166144667,623861
50000,3,2,0.9900000000000007,35727804,35006703,25624956,339287.96859304066,636639
50000,3,2,1.0000000000000007,36450000,36450000,24300000,346410.16151374596,650000
50000,3,3,0.01,963,0,0,0.0,-50000
50000,3,3,0.02,7784,0,0,0.0,-50000
50000,3,3,0.03,26240,0,0,0.0,-50000
50000,3,3,0.04,63541,4,24,0.0,-49996
50000,3,3,0.05,123076,9,52,2.0,-49991
50000,3,3,0.060000000000000005,212789,23,132,4.414213562373095,-49978
50000,3,3,0.07,338134,23,134,3.0,-49978
50000,3,3,0.08,504596,50,279,11.974691494688162,-49955
50000,3,3,0.09,719073,83,464,25.72792206135786,-49920
50000,3,3,0.09999999999999999,984456,104,571,37.702613556046025,-49902
50000,3,3,0.10999999999999999,1310110,104,572,33.46336783440549,-49903
50000,3,3,0.11999999999999998,1701528,196,1060,59.48042367016852,-49838
50000,3,3,0.12999999999999998,2169648,266,1443,84.69598434858028,-49777
50000,3,3,0.13999999999999999,2693543,395,2113,129.14003961552862,-49669
50000,3,3,0.15,3325337,459,2463,150.57013366729075,-49618
50000,3,3,0.16,4032463,556,2968,169.9922301790182,-49565
50000,3,3,0.17,4835106,756,4008,240.8947210888641,-49395
50000,3,3,0.18000000000000002,5727435,1012,5311,322.07960451642236,-49239
50000,3,3,0.19000000000000003,6759119,1190,6238,366.815216658416,-49137
50000,3,3,0.20000000000000004,7886321,1275,6689,404.0370124512491,-49037
50000,3,3,0.21000000000000005,9120028,1962,10155,598.3763253875691,-48642
50000,3,3,0.22000000000000006,10485349,2288,11827,686.4622822836371,-48420
50000,3,3,0.23000000000000007,11965048,2866,14769,848.9305804422245,-48088
50000,3,3,0.24000000000000007,13607120,3624,18531,1027.0953598869169,-47678
50000,3,3,0.25000000000000006,15358342,4407,22437,1207.9361124347697,-47284
50000,3,3,0.26000000000000006,17275198,5485,27853,1483.3179930401573,-46712
50000,3,3,0.2700000000000001,19351502,6962,35207,1818.3819203986088,-45968
50000,3,3,0.2800000000000001,21575171,8973,45131,2235.9099290723443,-45107
50000,3,3,0.2900000000000001,23998127,9754,49042,2450.802432747441,-44584
50000,3,3,0.3000000000000001,26531977,13242,66102,3091.9184681810343,-43160
50000,3,3,0.3100000000000001,29298640,15398,76644,3477.619612973168,-42380
50000,3,3,0.3200000000000001,32269957,20833,103224,4397.841756956748,-40362
50000,3,3,0.3300000000000001,35395928,24566,121344,4941.145322810523,-39091
50000,3,3,0.34000000000000014,38579204,30053,147948,5738.081363364289,-37154
50000,3,3,0.35000000000000014,42090093,37384,183565,6754.653039735775,-34881
50000,3,3,0.36000000000000015,45880345,47649,232904,7886.593291816009,-32172
50000,3,3,0.37000000000000016,49888721,57192,278628,8744.963815821777,-29744
50000,3,3,0.38000000000000017,53916658,76640,372255,10705.667721511594,-25207
50000,3,3,0.3900000000000002,58180154,100063,484277,13044.128276336038,-19538
50000,3,3,0.4000000000000002,62832955,131061,631794,15097.244465756216,-14066
50000,3,3,0.4100000000000002,67668934,176013,845773,18168.06416273564,-6728
50000,3,3,0.4200000000000002,72637643,241630,1158304,22126.833572196178,4134
50000,3,3,0.4300000000000002,77971379,321650,1536668,26202.772824314645,14856
50000,3,3,0.4400000000000002,83266805,429185,2044005,30283.92024832114,26927
50000,3,3,0.45000000000000023,88907991,632845,3003520,37589.74472411473,48036
50000,3,3,0.46000000000000024,94865554,882187,4173576,44930.88314787516,69237
50000,3,3,0.47000000000000025,100946028,1273040,6002945,54077.11059504057,97868
50000,3,3,0.48000000000000026,106921431,1808602,8500658,62632.80429231169,127201
50000,3,3,0.49000000000000027,112977967,2702034,12655490,77295.42653653248,177655
50000,3,3,0.5000000000000002,119432311,3673357,17154498,87013.65218443685,213158
50000,3,3,0.5100000000000002,125147337,5339447,24833890,102406.21219453572,270558
50000,3,3,0.5200000000000002,131144863,7348812,34053781,117619.17540460854,328554
50000,3,3,0.5300000000000002,136775212,9822572,45344522,133266.3909767383,383939
50000,3,3,0.5400000000000003,142442135,12667549,58232826,147160.73248022026,434015
50000,3,3,0.5500000000000003,147575701,16330606,74743345,163915.97248511433,487860
50000,3,3,0.5600000000000003,152825255,20075184,91473285,178297.47424539927,529929
50000,3,3,0.5700000000000003,158690818,23735029,107623736,188889.28076953487,553253
50000,3,3,0.5800000000000003,163785508,28521142,128681123,204383.27384895377,586620
50000,3,3,0.5900000000000003,168624778,33353540,149697724,219148.149099545,612859
50000,3,3,0.6000000000000003,174094735,38460454,171689513,233145.27670569907,638896
50000,3,3,0.6100000000000003,179446354,43942724,195067886,246282.71612038632,654642
50000,3,3,0.6200000000000003,184521639,50314244,222032023,262745.1499148009,674449
50000,3,3,0.6300000000000003,188978417,57009917,250071379,279699.8734447548,697788
50000,3,3,0.6400000000000003,195158510,63052500,274855774,289752.0725597118,698050
50000,3,3,0.6500000000000004,200151027,70213590,304119550,305901.49955155,710852
50000,3,3,0.6600000000000004,205739086,77549489,333672488,319384.7339051037,719634
50000,3,3,0.6700000000000004,209547026,86453694,369478883,337938.47841104155,742184
50000,3,3,0.6800000000000004,215305185,94331615,400359096,350342.29370275367,746140
50000,3,3,0.6900000000000004,219593198,103535969,436292089,367155.18411894666,761805
50000,3,3,0.7000000000000004,222969708,114502327,479005142,386424.2392496672,780417
50000,3,3,0.7100000000000004,228101807,124009738,514903736,399881.5183988598,790462
50000,3,3,0.7200000000000004,232294897,134905635,555888814,415448.67059735156,803712
50000,3,3,0.7300000000000004,237306064,145494376,594869568,429284.7996449228,815427
50000,3,3,0.7400000000000004,237533514,161491201,655053716,456371.0265531849,852835
50000,3,3,0.7500000000000004,241326961,173980118,700007948,471323.15953084413,868267
50000,3,3,0.7600000000000005,242476693,189285034,755369976,492369.3160954084,895457
50000,3,3,0.7700000000000005,245208897,203833091,806660369,509683.19415728323,916196
50000,3,3,0.7800000000000005,243453887,223724291,877839356,537284.6215000546,959440
50000,3,3,0.7900000000000005,245809303,239440504,931351574,553606.8871470842,981125
50000,3,3,0.8000000000000005,245196206,258884684,998064242,575519.3694252381,1013292
50000,3,3,0.8100000000000005,245525350,277797578,1061304688,594372.6144319231,1040298
50000,3,3,0.8200000000000005,241484869,301126904,1139971740,621495.5924125743,1083887
50000,3,3,0.8300000000000005,238780185,324266156,1216116173,645235.5451604344,1122181
50000,3,3,0.8400000000000005,239927215,343793556,1277171992,659945.0626844179,1143826
50000,3,3,0.8500000000000005,231149560,373273523,1373392016,692042.5328439017,1197253
50000,3,3,0.8600000000000005,227828808,398089705,1450328353,712400.1242115075,1230321
50000,3,3,0.8700000000000006,218809686,429401811,1548790516,741837.4520102632,1280114
50000,3,3,0.8800000000000006,213638070,456869577,1631174270,763941.4205296362,1316890
50000,3,3,0.8900000000000006,204282027,489054196,1728115789,790805.9468772146,1362772
50000,3,3,0.9000000000000006,192619663,524821457,1834991560,820326.4131147332,1413484
50000,3,3,0.9100000000000006,178193770,563466392,1949079050,852390.6998264658,1468684
50000,3,3,0.9200000000000006,165401723,601043083,2056379508,880175.1345572192,1516905
50000,3,3,0.9300000000000006,152321210,639087915,2162420335,906790.9515904522,1563210
50000,3,3,0.9400000000000006,135819353,681458112,2279741965,936580.4934297544,1615413
50000,3,3,0.9500000000000006,118153796,725511534,2399282688,966189.9019850699,1667360
50000,3,3,0.9600000000000006,97922433,772720743,2525548511,997645.6767012491,1722774
50000,3,3,0.9700000000000006,75881490,822328100,2655681194,1.0296868845903851e6,1779461
50000,3,3,0.9800000000000006,54608914,871624891,2780723232,1.0587108599727962e6,1830831
50000,3,3,0.9900000000000007,27706178,927274691,2921667702,1.092733533985962e6,1891203
50000,3,3,1.0000000000000007,0,984150000,3061800000,1.125833024918691e6,1950000
50000,5,1,0.01,62503,548,3232,26.414213562373096,547
50000,5,1,0.02,125228,1101,6346,122.14213562373094,1099
50000,5,1,0.03,188007,1862,10470,302.77685800370347,1837
50000,5,1,0.04,249766,2657,14736,490.85840672501496,2604
50000,5,1,0.05,313261,3660,19770,851.0536426354345,3530
50000,5,1,0.060000000000000005,375614,4426,23676,1071.0533794513472,4210
50000,5,1,0.07,436546,5584,29190,1533.779087589193,5257
50000,5,1,0.08,500574,6960,35712,2041.971542772794,6414
50000,5,1,0.09,562670,8445,42542,2571.998954926301,7631
50000,5,1,0.09999999999999999,624990,10313,51050,3303.9830480825153,9140
50000,5,1,0.10999999999999999,687593,12348,60182,3999.213150397217,10675
50000,5,1,0.11999999999999998,750690,14430,69210,4792.768608579938,12253
50000,5,1,0.12999999999999998,812099,17168,81014,5681.939030784045,14087
50000,5,1,0.13999999999999999,874826,20453,94958,6777.8834204857885,16351
50000,5,1,0.15,938051,23427,107276,7688.014046142073,18243
50000,5,1,0.16,1000243,27410,123620,8885.570266125646,20599
50000,5,1,0.17,1060590,32255,143754,10335.560370980567,23615
50000,5,1,0.18000000000000002,1125259,38116,167224,11885.103870559771,26758
50000,5,1,0.19000000000000003,1188970,43979,191050,13372.15143619351,30092
50000,5,1,0.20000000000000004,1249929,50632,217436,14969.49505178886,33507
50000,5,1,0.21000000000000005,1312877,58135,246922,16606.113274049352,37240
50000,5,1,0.22000000000000006,1374429,68026,285024,18494.07857930227,41551
50000,5,1,0.23000000000000007,1437896,79910,331468,20737.77705134565,46792
50000,5,1,0.24000000000000007,1499443,90183,370772,22410.45524198201,50802
50000,5,1,0.25000000000000006,1562509,103903,423076,24523.23189230383,56216
50000,5,1,0.26000000000000006,1626573,118473,479016,26756.046075405062,61863
50000,5,1,0.2700000000000001,1688611,134301,537650,28865.240640602693,67198
50000,5,1,0.2800000000000001,1750019,150950,600046,30843.688935357255,72775
50000,5,1,0.2900000000000001,1813220,179054,705320,34248.28333262445,81938
50000,5,1,0.3000000000000001,1875172,195331,764800,35623.28088099938,86609
50000,5,1,0.3100000000000001,1939022,222420,863366,38068.139406090486,94008
50000,5,1,0.3200000000000001,2002487,258047,994672,41563.19179771116,104475
50000,5,1,0.3300000000000001,2061403,287193,1098218,43569.40399153257,110955
50000,5,1,0.34000000000000014,2124671,325744,1240046,46679.187983589494,121674
50000,5,1,0.35000000000000014,2187364,364929,1378552,49151.44496076429,130424
50000,5,1,0.36000000000000015,2250992,410123,1538260,52213.30877774098,140633
50000,5,1,0.37000000000000016,2311869,456424,1699414,54367.05662676377,149059
50000,5,1,0.38000000000000017,2375392,500893,1853678,56603.203612915626,157520
50000,5,1,0.3900000000000002,2438837,548933,2015920,58305.04456491824,164990
50000,5,1,0.4000000000000002,2499160,616368,2249674,61964.1599680486,177512
50000,5,1,0.4100000000000002,2562621,671644,2434792,64118.77295664133,186457
50000,5,1,0.4200000000000002,2623688,740099,2663894,66981.8214461713,197205
50000,5,1,0.4300000000000002,2686133,803080,2870314,68939.02510061524,205189
50000,5,1,0.4400000000000002,2750639,873889,3099102,71092.9792493843,213537
50000,5,1,0.45000000000000023,2812672,946949,3334422,73556.79390675153,222583
50000,5,1,0.46000000000000024,2875144,1031086,3602396,76153.76661199836,231439
50000,5,1,0.47000000000000025,2935702,1099389,3810654,78053.49062060859,237720
50000,5,1,0.48000000000000026,2999254,1178584,4051158,80038.17255116686,244473
50000,5,1,0.49000000000000027,3064794,1269201,4321138,82960.69809052616,251436
50000,5,1,0.5000000000000002,3127088,1347466,4552398,84713.48408327255,257215
50000,5,1,0.5100000000000002,3187444,1415783,4735050,85845.94617738144,259646
50000,5,1,0.5200000000000002,3250922,1513142,5013312,88694.75243500604,266447
50000,5,1,0.5300000000000002,3313899,1594499,5228058,90553.80647171856,268754
50000,5,1,0.5400000000000003,3375881,1677630,5444198,92496.32086811936,272014
50000,5,1,0.5500000000000003,3439533,1756420,5637928,94087.04212542855,272837
50000,5,1,0.5600000000000003,3498735,1831340,5815424,95575.82550890443,274024
50000,5,1,0.5700000000000003,3561735,1921687,6031016,97838.05582354915,277462
50000,5,1,0.5800000000000003,3623112,2029723,6293904,100882.12476995548,281187
50000,5,1,0.5900000000000003,3687926,2098639,6423864,101867.59686915572,279735
50000,5,1,0.6000000000000003,3750563,2178882,6587948,103457.84043900746,279512
50000,5,1,0.6100000000000003,3811833,2267296,6765388,105544.89595300605,281054
50000,5,1,0.6200000000000003,3875772,2351943,6921166,107217.72993530963,282185
50000,5,1,0.6300000000000003,3937905,2430379,7047828,108725.4228031963,280004
50000,5,1,0.6400000000000003,3999885,2519017,7205788,110632.08416363824,281785
50000,5,1,0.6500000000000004,4063116,2597629,7316624,112019.69240454164,280612
50000,5,1,0.6600000000000004,4126333,2684388,7447662,113782.84832987998,280839
50000,5,1,0.6700000000000004,4187105,2778793,7596698,115933.44773772958,282547
50000,5,1,0.6800000000000004,4248714,2877348,7737378,118082.72663750347,283907
50000,5,1,0.6900000000000004,4313294,2962005,7832680,119550.2903320152,283502
50000,5,1,0.7000000000000004,4373271,3034595,7893864,120645.41054401571,283049
50000,5,1,0.7100000000000004,4437158,3135318,8016136,122796.0099518653,284807
50000,5,1,0.7200000000000004,4499944,3238958,8134030,124947.21705486947,286038
50000,5,1,0.7300000000000004,4562614,3333298,8210220,126704.12426890185,286591
50000,5,1,0.7400000000000004,4624217,3416829,8272126,128119.334134341,286833
50000,5,1,0.7500000000000004,4687773,3510350,8330200,129779.10290960992,287369
50000,5,1,0.7600000000000005,4750764,3615080,8417276,131846.70747223226,289123
50000,5,1,0.7700000000000005,4810669,3684874,8418720,132660.77135178758,288800
50000,5,1,0.7800000000000005,4875714,3803898,8504596,135065.32197430226,291031
50000,5,1,0.7900000000000005,4937726,3908546,8560932,137064.10860623172,293264
50000,5,1,0.8000000000000005,5000449,3987143,8544344,137974.70322939553,292957
50000,5,1,0.8100000000000005,5061612,4090460,8581196,139873.49501610137,295040
50000,5,1,0.8200000000000005,5125517,4214632,8642162,142301.83024830683,298242
50000,5,1,0.8300000000000005,5187625,4299940,8611284,143424.19917160863,298789
50000,5,1,0.8400000000000005,5250153,4402777,8612974,145097.36025171596,300766
50000,5,1,0.8500000000000005,5312990,4524253,8642992,147369.8109112406,304039
50000,5,1,0.8600000000000005,5373813,4630082,8627892,149084.54121072948,306402
50000,5,1,0.8700000000000006,5438615,4730913,8584528,150522.14338100803,308380
50000,5,1,0.8800000000000006,5501066,4846810,8566756,152468.96848871055,311460
50000,5,1,0.8900000000000006,5563142,4941571,8501624,153712.58096854188,313182
50000,5,1,0.9000000000000006,5626072,5060364,8466092,155669.7983810898,316434
50000,5,1,0.9100000000000006,5687819,5172481,8411126,157387.9927821938,319411
50000,5,1,0.9200000000000006,5748471,5297633,8373954,159525.3434787284,323339
50000,5,1,0.9300000000000006,5813726,5406148,8275376,160962.94564900696,325970
50000,5,1,0.9400000000000006,5873891,5520089,8199056,162688.06825334122,329163
50000,5,1,0.9500000000000006,5937346,5639485,8105806,164447.83187382677,332526
50000,5,1,0.9600000000000006,6000145,5765322,8011398,166370.4082702234,336316
50000,5,1,0.9700000000000006,6062597,5881530,7894628,167991.60782610378,339521
50000,5,1,0.9800000000000006,6125067,6004684,7774664,169772.1560562801,343079
50000,5,1,0.9900000000000007,6187441,6125292,7641088,171452.2453396177,346465
50000,5,1,1.0000000000000007,6250000,6250000,7500000,173205.08075687298,350000
50000,5,2,0.01,78128,5,29,1.0,-49995
50000,5,2,0.02,310940,21,124,2.0,-49979
50000,5,2,0.03,701890,50,289,11.0,-49950
50000,5,2,0.04,1247107,103,605,12.414213562373096,-49897
50000,5,2,0.05,1948722,162,933,31.485281374238575,-49842
50000,5,2,0.060000000000000005,2813241,257,1471,57.028485141103616,-49749
50000,5,2,0.07,3825463,378,2124,98.4787075562701,-49647
50000,5,2,0.08,5011322,591,3296,172.28109239497226,-49453
50000,5,2,0.09,6318838,898,4942,287.83985199669115,-49195
50000,5,2,0.09999999999999999,7814292,1125,6126,382.16692202790404,-49014
50000,5,2,0.10999999999999999,9435139,1285,7020,403.82249460617396,-48879
50000,5,2,0.11999999999999998,11247286,1720,9325,558.2738861008404,-48536
50000,5,2,0.12999999999999998,13187551,1990,10706,676.6769727319648,-48327
50000,5,2,0.13999999999999999,15324178,2741,14587,914.4738093331375,-47798
50000,5,2,0.15,17596910,3562,18829,1182.8981210137263,-47236
50000,5,2,0.16,20008700,4523,23753,1496.1698327534384,-46551
50000,5,2,0.17,22547512,5500,28740,1806.861352354661,-45933
50000,5,2,0.18000000000000002,25299320,6890,35796,2174.877588657527,-45182
50000,5,2,0.19000000000000003,28230188,9072,46769,2770.4131916398837,-43857
50000,5,2,0.20000000000000004,31233853,11070,56782,3282.1697487534802,-42796
50000,5,2,0.21000000000000005,34419473,12730,65028,3603.9261809747354,-42078
50000,5,2,0.22000000000000006,37764576,16807,85314,4473.877624555947,-40093
50000,5,2,0.23000000000000007,41279950,19589,99265,5175.062594763735,-38702
50000,5,2,0.24000000000000007,45005731,25701,129483,6382.409764402358,-36025
50000,5,2,0.25000000000000006,48853096,31550,158062,7361.0679031801,-33966
50000,5,2,0.26000000000000006,52797177,37045,185166,8239.612407733239,-31785
50000,5,2,0.2700000000000001,56924242,46460,231301,9692.859732746976,-28470
50000,5,2,0.2800000000000001,61212108,55986,277887,11090.297890967087,-25217
50000,5,2,0.2900000000000001,65593640,73879,364780,13310.206327717755,-20017
50000,5,2,0.3000000000000001,70259029,94951,467192,15496.267756066998,-14636
50000,5,2,0.3100000000000001,74970508,115671,567522,17415.746912479164,-9500
50000,5,2,0.3200000000000001,79833324,163887,800926,21770.85582691704,1419
50000,5,2,0.3300000000000001,84753468,214051,1042331,25303.51825825151,10746
50000,5,2,0.34000000000000014,89944018,293491,1424896,30254.48483558143,23857
50000,5,2,0.35000000000000014,95221558,430459,2082619,37286.56749429077,44328
50000,5,2,0.36000000000000015,100541156,603296,2911387,43533.98473225845,64305
50000,5,2,0.37000000000000016,105996762,891201,4288745,53290.15115392126,94211
50000,5,2,0.38000000000000017,111434016,1368918,6568871,66266.54861976566,137120
50000,5,2,0.3900000000000002,116735383,2048403,9802471,78959.57274171403,181286
50000,5,2,0.4000000000000002,122064305,2961361,14131266,92378.21376537906,232885
50000,5,2,0.4100000000000002,127083029,4281887,20374915,106777.23354187878,291312
50000,5,2,0.4200000000000002,131588547,6180267,29324305,124537.09189580195,363637
50000,5,2,0.4300000000000002,136007037,8309580,39306347,137853.72243105032,421582
50000,5,2,0.4400000000000002,140058458,11265368,53111788,156679.44844943355,497296
50000,5,2,0.45000000000000023,143468529,14600547,68609738,172582.79522660526,563065
50000,5,2,0.46000000000000024,146783288,18527263,86741638,188861.38087394828,626219
50000,5,2,0.47000000000000025,149496395,22984355,107202115,205733.24449233687,686707
50000,5,2,0.48000000000000026,153003906,27107464,125908377,217566.96030366648,715468
50000,5,2,0.49000000000000027,155699905,31815266,147159807,231250.24627959327,751013
50000,5,2,0.5000000000000002,158906894,36380448,167526118,243462.32186925042,767335
50000,5,2,0.5100000000000002,161522494,41473932,190092486,255851.09504297684,786955
50000,5,2,0.5200000000000002,164819111,46407723,211681351,267242.099381985,798835
50000,5,2,0.5300000000000002,167329665,51972418,235885653,281154.5952451399,810105
50000,5,2,0.5400000000000003,170114535,57950009,261634360,294633.6304626797,822809
50000,5,2,0.5500000000000003,172698955,63760826,286304429,307186.41818229965,828815
50000,5,2,0.5600000000000003,175010128,69975802,312507868,321348.38443269784,835763
50000,5,2,0.5700000000000003,178515824,75230747,334086754,329845.72679139033,831175
50000,5,2,0.5800000000000003,180893598,81913792,361629659,342689.38350426714,835306
50000,5,2,0.5900000000000003,182375765,89513657,392848398,358897.3220701759,845048
50000,5,2,0.6000000000000003,184806818,96432665,420644676,371219.8202838678,848568
50000,5,2,0.6100000000000003,187608808,102970904,446370243,381490.50606770936,847442
50000,5,2,0.6200000000000003,189129652,111127227,478680862,396194.58929991856,853525
50000,5,2,0.6300000000000003,189261986,120822789,517094539,415162.2699572337,873075
50000,5,2,0.6400000000000003,192134714,127848045,543559367,423942.9048025608,869646
50000,5,2,0.6500000000000004,192799146,137134866,579195806,439694.5267916081,883094
50000,5,2,0.6600000000000004,195981148,144313865,605376538,447298.1820758564,879590
50000,5,2,0.6700000000000004,194695777,156011771,649891361,467728.9334115878,903136
50000,5,2,0.6800000000000004,196273362,164932849,682239584,479181.1443862542,908676
50000,5,2,0.6900000000000004,197068146,174919275,718434128,492368.43888634094,921277
50000,5,2,0.7000000000000004,195657416,187127561,763032487,511466.26585601695,945351
50000,5,2,0.7100000000000004,196320339,197373735,798905369,523442.19477692776,955125
50000,5,2,0.7200000000000004,197404261,207669861,834351995,535309.5308588981,967908
50000,5,2,0.7300000000000004,195010465,221342163,882595539,554315.2421607918,993510
50000,5,2,0.7400000000000004,194405011,233332729,923223444,568167.3733633546,1010783
50000,5,2,0.7500000000000004,192626995,246929424,969491652,584666.6164552569,1034334
50000,5,2,0.7600000000000005,189518593,261803573,1019839564,603574.7820045985,1062671
50000,5,2,0.7700000000000005,188718605,274569091,1061091080,616384.8048555811,1080604
50000,5,2,0.7800000000000005,186401709,288950628,1107692339,631973.0294272657,1104078
50000,5,2,0.7900000000000005,184290813,303265175,1153087227,646246.9301647574,1125327
50000,5,2,0.8000000000000005,181388819,318518699,1201121114,661968.1101883003,1149705
50000,5,2,0.8100000000000005,176054726,336375470,1257870458,681832.9514332742,1182648
50000,5,2,0.8200000000000005,173697716,351797598,1304320229,695118.2430546014,1203598
50000,5,2,0.8300000000000005,168913944,369314628,1357607589,712534.624252921,1232204
50000,5,2,0.8400000000000005,163687607,387743057,1412957327,730056.6110835184,1261590
50000,5,2,0.8500000000000005,155344076,409049459,1477568199,752568.5868237254,1299383
50000,5,2,0.8600000000000005,148616535,429211448,1536539026,771195.6220695489,1331391
50000,5,2,0.8700000000000006,142666741,448666359,1591812046,787860.85407866,1359437
50000,5,2,0.8800000000000006,135382427,469685163,1651158203,805944.0253709083,1390615
50000,5,2,0.8900000000000006,128232188,490542438,1708655713,823132.8975851786,1419699
50000,5,2,0.9000000000000006,119717174,513162679,1770705048,842050.3565053983,1452491
50000,5,2,0.9100000000000006,111555665,535505975,1830321321,859505.9645440335,1482672
50000,5,2,0.9200000000000006,101634072,559749525,1894852090,878981.143824289,1516824
50000,5,2,0.9300000000000006,91741250,584122386,1958204357,897624.9387169135,1549232
50000,5,2,0.9400000000000006,80798106,609657788,2023703752,917141.6872165505,1583457
50000,5,2,0.9500000000000006,68285564,636762370,2092783247,938238.0660526863,1620743
50000,5,2,0.9600000000000006,53009481,666996703,2170001010,962410.5671230567,1663585
50000,5,2,0.9700000000000006,42446164,692601839,2230319138,978975.9010466038,1692839
50000,5,2,0.9800000000000006,28823534,721498963,2299349827,999157.7570563456,1728704
50000,5,2,0.9900000000000007,16429271,749253475,2362777444,1.0168454599031945e6,1760157
50000,5,2,1.0000000000000007,0,781250000,2437500000,1.0392304845401583e6,1800000
50000,7,1,0.01,171965,515,3038,25.0,514
50000,7,1,0.02,343219,1111,6412,114.72792206135783,1104
50000,7,1,0.03,514128,1839,10402,272.688516026388,1818
50000,7,1,0.04,686626,2596,14316,510.3577808060385,2527
50000,7,1,0.05,859324,3521,19102,773.9513245392965,3382
50000,7,1,0.060000000000000005,1028981,4603,24522,1165.7228260044767,4402
50000,7,1,0.07,1201224,5556,29180,1518.472308835033,5248
50000,7,1,0.08,1372449,6883,35442,2004.0541034252146,6375
50000,7,1,0.09,1541751,8422,42566,2578.2847302325363,7659
50000,7,1,0.09999999999999999,1716123,10426,51458,3357.360383994816,9201
50000,7,1,0.10999999999999999,1884818,12485,60654,4080.8515786297808,10760
50000,7,1,0.11999999999999998,2056383,14690,70322,4958.49238042444,12459
50000,7,1,0.12999999999999998,2229321,17645,82804,5944.766731948163,14365
50000,7,1,0.13999999999999999,2402370,20674,95520,6897.122402338886,16303
50000,7,1,0.15,2574409,24416,111114,8141.881143691839,18733
50000,7,1,0.16,2744586,30598,136770,10081.021424483291,22566
50000,7,1,0.17,2915291,35351,155814,11353.004926097112,25129
50000,7,1,0.18000000000000002,3086642,42395,183808,13240.741164708908,28975
50000,7,1,0.19000000000000003,3257431,49645,212698,14963.79505479398,32579
50000,7,1,0.20000000000000004,3431571,58157,245844,16707.184626694747,36447
50000,7,1,0.21000000000000005,3601590,71518,298454,19516.363308295815,42322
50000,7,1,0.22000000000000006,3772154,85736,353478,22293.900024543324,48717
50000,7,1,0.23000000000000007,3946719,98499,402228,24080.0116330975,53199
50000,7,1,0.24000000000000007,4114788,118529,478044,27403.356068575045,60335
50000,7,1,0.25000000000000006,4284915,139986,560080,30380.442343024017,68139
50000,7,1,0.26000000000000006,4459111,169913,672336,33853.33021781298,77182
50000,7,1,0.2700000000000001,4633730,203708,799442,37692.81251268958,87597
50000,7,1,0.2800000000000001,4802455,245263,953682,41595.98927134998,99068
50000,7,1,0.2900000000000001,4973391,289484,1116710,44895.032718300106,109321
50000,7,1,0.3000000000000001,5144391,343630,1314826,48934.46288873657,121938
50000,7,1,0.3100000000000001,5315759,404891,1539508,52899.10903562879,135268
50000,7,1,0.3200000000000001,5486754,486956,1837850,57889.409613217525,152406
50000,7,1,0.3300000000000001,5658058,577693,2164784,62114.10128971097,169599
50000,7,1,0.34000000000000014,5830342,681424,2536782,66862.68868232821,187171
50000,7,1,0.35000000000000014,6002926,787416,2912562,70197.1585211282,202669
50000,7,1,0.36000000000000015,6175289,932548,3424682,75355.16368451816,223652
50000,7,1,0.37000000000000016,6341911,1074236,3919738,79448.3336062632,242508
50000,7,1,0.38000000000000017,6516220,1246672,4520824,84377.04603649162,264094
50000,7,1,0.3900000000000002,6690488,1425015,5128260,88285.11820720125,281579
50000,7,1,0.4000000000000002,6861781,1622481,5797724,92655.78381152907,300078
50000,7,1,0.4100000000000002,7032000,1837507,6523898,97210.06044159814,320086
50000,7,1,0.4200000000000002,7202376,2040117,7185626,100722.7463547684,334799
50000,7,1,0.4300000000000002,7374472,2255610,7883328,104027.6533520331,348030
50000,7,1,0.4400000000000002,7545560,2464618,8543396,106822.43674903699,355295
50000,7,1,0.45000000000000023,7720238,2712078,9321840,111106.75317084232,367991
50000,7,1,0.46000000000000024,7888292,2929030,9983038,114130.68763208693,374459
50000,7,1,0.47000000000000025,8061759,3145362,10611928,117006.2317093055,377480
50000,7,1,0.48000000000000026,8232890,3371368,11257272,120066.97435282897,380126
50000,7,1,0.49000000000000027,8403704,3585305,11851560,122866.40030630057,381509
50000,7,1,0.5000000000000002,8572802,3826340,12514012,126584.18614561943,385339
50000,7,1,0.5100000000000002,8745525,4050305,13092070,129566.46895113497,385213
50000,7,1,0.5200000000000002,8919221,4270308,13638484,132499.54673718108,383089
50000,7,1,0.5300000000000002,9089831,4495395,14185898,135677.65980244023,385721
50000,7,1,0.5400000000000003,9261492,4739214,14762700,139192.70469267466,385491
50000,7,1,0.5500000000000003,9433815,4930269,15154416,141231.6092882876,381881
50000,7,1,0.5600000000000003,9605237,5157545,15633676,144298.34506039196,381908
50000,7,1,0.5700000000000003,9774895,5323880,15908628,145764.89537407388,377348
50000,7,1,0.5800000000000003,9945852,5594465,16475972,149882.52595077996,379956
50000,7,1,0.5900000000000003,10115799,5816548,16870756,152646.8112824731,378853
50000,7,1,0.6000000000000003,10291549,6030122,17202738,155022.5334715898,376923
50000,7,1,0.6100000000000003,10464306,6259525,17573374,157874.95564834788,377436
50000,7,1,0.6200000000000003,10630329,6480754,17914734,160573.780332987,377716
50000,7,1,0.6300000000000003,10803743,6654104,18074920,161874.8820691467,374539
50000,7,1,0.6400000000000003,10979054,6913174,18438828,165166.36212084928,375614
50000,7,1,0.6500000000000004,11146444,7127118,18686968,167451.81807656374,375597
50000,7,1,0.6600000000000004,11318782,7381837,19006188,170630.86335925222,378281
50000,7,1,0.6700000000000004,11488126,7628614,19269970,173525.46426290998,379556
50000,7,1,0.6800000000000004,11665651,7865400,19473302,175983.26730549557,379863
50000,7,1,0.6900000000000004,11835678,8140551,19765762,179400.84133629082,383156
50000,7,1,0.7000000000000004,12004497,8406889,19995248,182496.73670689046,385667
50000,7,1,0.7100000000000004,12177606,8612794,20061104,184215.65168547624,385621
50000,7,1,0.7200000000000004,12349543,8904319,20296736,187699.6024919953,389565
50000,7,1,0.7300000000000004,12521060,9099150,20290866,189103.47212302207,389260
50000,7,1,0.7400000000000004,12690311,9413246,20528224,192983.58376921178,394106
50000,7,1,0.7500000000000004,12863020,9678066,20614918,195639.32339387108,396459
50000,7,1,0.7600000000000005,13032945,9919375,20640390,197874.1746722922,398337
50000,7,1,0.7700000000000005,13204737,10152306,20613230,199818.04141504245,400101
50000,7,1,0.7800000000000005,13378965,10406601,20595012,202119.9369382957,402465
50000,7,1,0.7900000000000005,13549993,10698194,20643784,205175.2745628395,406822
50000,7,1,0.8000000000000005,13717427,10994115,20655282,208194.23912042446,411137
50000,7,1,0.8100000000000005,13892436,11224612,20514332,209882.98865779987,412879
50000,7,1,0.8200000000000005,14060686,11524107,20491942,212911.83978356735,417579
50000,7,1,0.8300000000000005,14234390,11799641,20373306,215312.96793951464,421013
50000,7,1,0.8400000000000005,14407559,12123350,20306318,218550.17089885272,426183
50000,7,1,0.8500000000000005,14577978,12374219,20105512,220467.55114282665,429073
50000,7,1,0.8600000000000005,14749102,12695592,19978354,223569.6541391747,434024
50000,7,1,0.8700000000000006,14921963,12985744,19757972,226011.84577784067,438196
50000,7,1,0.8800000000000006,15092169,13291711,19559432,228745.02195217749,442720
50000,7,1,0.8900000000000006,15264887,13602093,19314840,231436.62890713275,447366
50000,7,1,0.9000000000000006,15434985,13907468,19043236,234039.90127090222,451909
50000,7,1,0.9100000000000006,15605910,14212733,18737368,236554.8390434859,456461
50000,7,1,0.9200000000000006,15777047,14529859,18408640,239210.0729314823,461162
50000,7,1,0.9300000000000006,15948439,14820960,18019096,241392.4569490136,465173
50000,7,1,0.9400000000000006,16122184,15159141,17647370,244239.94847664968,470380
50000,7,1,0.9500000000000006,16291408,15464693,17223648,246588.60937170716,474767
50000,7,1,0.9600000000000006,16463278,15796759,16778848,249254.23556454896,479799
50000,7,1,0.9700000000000006,16634260,16131826,16313830,251935.45021465883,484903
50000,7,1,0.9800000000000006,16807296,16473665,15807018,254637.44947445948,490072
50000,7,1,0.9900000000000007,16979066,16816531,15271766,257313.46797214667,495201
50000,7,1,1.0000000000000007,17150000,17150000,14700000,259807.62113503958,500000
50000,9,1,0.01,363612,547,3234,23.0,546
50000,9,1,0.02,729453,1128,6514,114.78584445398431,1122
50000,9,1,0.03,1092853,1831,10350,273.62741588962075,1809
50000,9,1,0.04,1458091,2595,14390,486.86461528033266,2538
50000,9,1,0.05,1824993,3626,19614,841.9717705176653,3502
50000,9,1,0.060000000000000005,2187522,4592,24376,1204.431388069942,4387
50000,9,1,0.07,2551772,5563,29094,1519.1106052205444,5218
50000,9,1,0.08,2914385,7012,35942,2073.1106516170807,6473
50000,9,1,0.09,3280995,8611,43318,2682.225268294561,7790
50000,9,1,0.09999999999999999,3645300,10414,51470,3327.564269369046,9210
50000,9,1,0.10999999999999999,4007798,12614,61198,4171.117878757842,10888
50000,9,1,0.11999999999999998,4375520,14966,71584,4964.642438779885,12548
50000,9,1,0.12999999999999998,4739374,17596,82454,5932.230950912591,14292
50000,9,1,0.13999999999999999,5104106,21381,98422,7202.988784804602,16850
50000,9,1,0.15,5465033,25230,114538,8512.818227907663,19318
50000,9,1,0.16,5833677,30104,134314,9946.28933287409,22118
50000,9,1,0.17,6193960,35551,156058,11355.231362842049,25031
50000,9,1,0.18000000000000002,6563245,43706,188728,13561.330005675272,29310
50000,9,1,0.19000000000000003,6925598,52429,223418,15696.210969057096,33758
50000,9,1,0.20000000000000004,7288523,63681,267474,18232.962256581934,38960
50000,9,1,0.21000000000000005,7658028,78190,324442,21128.532869829494,45338
50000,9,1,0.22000000000000006,8020001,93394,382450,23856.414900190503,51233
50000,9,1,0.23000000000000007,8385325,111597,452038,26452.822127943953,57380
50000,9,1,0.24000000000000007,8748359,139533,558200,30524.23582878385,67169
50000,9,1,0.25000000000000006,9108001,174524,690632,34942.431064917815,78312
50000,9,1,0.26000000000000006,9476376,211440,829118,38921.18052962291,88614
50000,9,1,0.2700000000000001,9844348,262002,1017450,43371.15183261823,101209
50000,9,1,0.2800000000000001,10204125,328993,1266406,48854.56950226471,116935
50000,9,1,0.2900000000000001,10569255,415720,1587342,55432.386741618444,136779
50000,9,1,0.3000000000000001,10935345,518046,1962868,60581.571798840596,155633
50000,9,1,0.3100000000000001,11298471,645357,2426836,66555.99759982609,177284
50000,9,1,0.3200000000000001,11669019,818968,3058374,73258.36119660032,204820
50000,9,1,0.3300000000000001,12029151,1007676,3741318,80191.87335738292,232446
50000,9,1,0.34000000000000014,12387254,1216117,4485482,84527.23571486345,256684
50000,9,1,0.35000000000000014,12755503,1541186,5645418,93330.16431054467,294446
50000,9,1,0.36000000000000015,13118723,1846034,6722560,99707.71571830641,326829
50000,9,1,0.37000000000000016,13488633,2215169,8013382,105429.96210104521,356837
50000,9,1,0.38000000000000017,13849970,2641790,9492002,111864.22313092306,389202
50000,9,1,0.3900000000000002,14215593,3070705,10957126,117057.94719367802,414881
50000,9,1,0.4000000000000002,14578637,3572533,12655938,123265.70592295307,441769
50000,9,1,0.4100000000000002,14943964,4039529,14199696,127586.91347224021,456746
50000,9,1,0.4200000000000002,15311438,4548570,15861952,133296.07761230582,473793
50000,9,1,0.4300000000000002,15682032,5060413,17490642,138644.97266356493,483230
50000,9,1,0.4400000000000002,16035772,5576345,19096168,143836.62575726653,491549
50000,9,1,0.45000000000000023,16401352,6040666,20495426,148049.6600419437,493401
50000,9,1,0.46000000000000024,16765811,6479944,21761668,151752.3702430597,490453
50000,9,1,0.47000000000000025,17133309,7028876,23339868,157834.08881094065,492161
50000,9,1,0.48000000000000026,17494085,7497792,24622262,162378.390112518,490603
50000,9,1,0.49000000000000027,17853221,7916369,25703400,165718.09866485812,485519
50000,9,1,0.5000000000000002,18227290,8380354,26850170,169935.76962548136,482006
50000,9,1,0.5100000000000002,18591655,8781324,27787294,172941.93594166415,476032
50000,9,1,0.5200000000000002,18951859,9261210,28905684,177391.4367526726,473612
50000,9,1,0.5300000000000002,19318602,9654103,29710470,180313.43975197198,468855
50000,9,1,0.5400000000000003,19684847,10163741,30844136,185231.52163475042,469373
50000,9,1,0.5500000000000003,20051285,10651200,31837884,189682.15886883362,468799
50000,9,1,0.5600000000000003,20413491,11074200,32592886,192869.9014150459,466435
50000,9,1,0.5700000000000003,20774526,11474433,33252150,195709.65979035053,463398
50000,9,1,0.5800000000000003,21135536,11979283,34149976,200227.90691143283,465001
50000,9,1,0.5900000000000003,21506328,12397458,34741020,203004.61225688492,461919
50000,9,1,0.6000000000000003,21871881,12887467,35496622,207017.4480732828,463315
50000,9,1,0.6100000000000003,22239053,13335691,36073962,210280.69064184092,463026
50000,9,1,0.6200000000000003,22597424,13870852,36866602,214882.77687337017,466624
50000,9,1,0.6300000000000003,22962446,14331668,37369124,218140.10782100077,466862
50000,9,1,0.6400000000000003,23333640,14725913,37654066,220269.4698768022,465806
50000,9,1,0.6500000000000004,23691689,15197567,38100166,223602.93323035265,466971
50000,9,1,0.6600000000000004,24058305,15682383,38539326,227054.70351802852,469597
50000,9,1,0.6700000000000004,24422863,16316261,39269564,232548.3940746105,475893
50000,9,1,0.6800000000000004,24790633,16714833,39361262,234475.38441464465,475746
50000,9,1,0.6900000000000004,25152917,17284283,39818244,238799.7337043009,480924
50000,9,1,0.7000000000000004,25512262,17828197,40174854,242727.33883346472,485282
50000,9,1,0.7100000000000004,25881340,18351023,40385988,246129.77272194476,488653
50000,9,1,0.7200000000000004,26246646,18914838,40640354,250067.5172357407,493423
50000,9,1,0.7300000000000004,26606340,19451317,40795546,253598.9008831872,497498
50000,9,1,0.7400000000000004,26975640,19989798,40862812,256981.914217553,501704
50000,9,1,0.7500000000000004,27336751,20492397,40834744,259897.68777750392,505017
50000,9,1,0.7600000000000005,27701045,21044145,40824176,263319.17001527513,509562
50000,9,1,0.7700000000000005,28064060,21652899,40884636,267421.7164855736,516006
50000,9,1,0.7800000000000005,28425448,22124861,40622490,269714.95175478904,518405
50000,9,1,0.7900000000000005,28795291,22819271,40674330,274592.40682889073,526320
50000,9,1,0.8000000000000005,29159459,23316659,40330918,277031.1343659416,529327
50000,9,1,0.8100000000000005,29523383,23971677,40195344,281291.9793525503,536245
50000,9,1,0.8200000000000005,29889309,24452355,39694988,283384.29672808823,538708
50000,9,1,0.8300000000000005,30254965,25060055,39360162,286924.6085787501,544645
50000,9,1,0.8400000000000005,30616483,25725009,39040838,291033.03309429315,551417
50000,9,1,0.8500000000000005,30981472,26333970,38564658,294400.1398641986,556876
50000,9,1,0.8600000000000005,31348135,26936081,38017220,297614.8261630383,562126
50000,9,1,0.8700000000000006,31713172,27623795,37520064,301702.4660688906,569228
50000,9,1,0.8800000000000006,32072687,28236527,36875874,304944.86518065137,574709
50000,9,1,0.8900000000000006,32444587,28852448,36112996,308020.98741488595,579874
50000,9,1,0.9000000000000006,32803326,29485715,35362310,311339.5967621796,585670
50000,9,1,0.9100000000000006,33170628,30139477,34527150,314727.4881417758,591721
50000,9,1,0.9200000000000006,33535789,30911120,33761164,319265.4612575948,599936
50000,9,1,0.9300000000000006,33900316,31454042,32686928,321385.4914460538,603575
50000,9,1,0.9400000000000006,34263398,32209261,31759176,325611.6954165112,611363
50000,9,1,0.9500000000000006,34628469,32845352,30634162,328549.25358614064,616698
50000,9,1,0.9600000000000006,34992557,33609422,29556690,332699.2473210652,624371
50000,9,1,0.9700000000000006,35355899,34310498,28358322,336156.420732964,630806
50000,9,1,0.9800000000000006,35721670,35001071,27059144,339412.6762511853,636879
50000,9,1,0.9900000000000007,36085747,35718273,25712476,342876.77786631434,643373
50000,9,1,1.0000000000000007,36450000,36450000,24300000,346410.16151374596,650000
50000,11,1,0.01,665841,558,3302,22.0,557
50000,11,1,0.02,1331359,1170,6716,140.19348530673793,1165
50000,11,1,0.03,1996415,1900,10688,304.70600741317594,1873
50000,11,1,0.04,2661786,2610,14520,485.11905053544314,2573
50000,11,1,0.05,3325230,3402,18500,737.6799852042597,3284
50000,11,1,0.060000000000000005,3995428,4378,23436,1054.9186244253608,4186
50000,11,1,0.07,4659213,5768,30010,1637.0802615032212,5408
50000,11,1,0.08,5325272,6919,35542,2042.8615545044509,6391
50000,11,1,0.09,5987901,8569,43076,2665.969062106255,7733
50000,11,1,0.09999999999999999,6658383,10444,51604,3397.856880825407,9224
50000,11,1,0.10999999999999999,7322322,12697,61544,4200.171969010669,10945
50000,11,1,0.11999999999999998,7990495,14751,70404,4998.095336872153,12431
50000,11,1,0.12999999999999998,8649240,18088,84648,6115.49582615188,14700
50000,11,1,0.13999999999999999,9319314,21301,98234,7186.619861177273,16772
50000,11,1,0.15,9980848,25941,117568,8659.351230794626,19727
50000,11,1,0.16,10648159,30799,137390,10113.32545836063,22556
50000,11,1,0.17,11314969,37685,164788,12068.85389920351,26258
50000,11,1,0.18000000000000002,11974703,44060,190228,13710.567478487059,29616
50000,11,1,0.19000000000000003,12645239,55009,233148,16417.603930595837,34913
50000,11,1,0.20000000000000004,13309283,64312,270046,18468.317681693097,39200
50000,11,1,0.21000000000000005,13975835,81632,336956,21782.491581972565,46282
50000,11,1,0.22000000000000006,14640765,97608,397948,24616.37449996652,52269
50000,11,1,0.23000000000000007,15303939,126088,507048,28887.05348293965,62236
50000,11,1,0.24000000000000007,15970647,150893,600980,32254.877068541744,69954
50000,11,1,0.25000000000000006,16631687,192842,759638,37324.67328242483,82735
50000,11,1,0.26000000000000006,17305623,252335,983006,43074.5159861876,98161
50000,11,1,0.2700000000000001,17969112,313461,1210998,48193.79153256109,112507
50000,11,1,0.2800000000000001,18626921,414658,1587330,55573.6571466059,133899
50000,11,1,0.2900000000000001,19303036,538662,2045780,62532.87264341271,157546
50000,11,1,0.3000000000000001,19964760,694175,2615154,69108.11727224497,182088
50000,11,1,0.3100000000000001,20628359,922749,3451912,78507.62504356966,216816
50000,11,1,0.3200000000000001,21298194,1225629,4553238,87441.34503475062,254784
50000,11,1,0.3300000000000001,21958178,1617448,5973376,96522.4201472581,299388
50000,11,1,0.34000000000000014,22623122,2064274,7575012,104525.04982809148,341749
50000,11,1,0.35000000000000014,23298745,2716076,9902110,115782.46381063832,399504
50000,11,1,0.36000000000000015,23960098,3385478,12270956,123618.73702015163,444971
50000,11,1,0.37000000000000016,24624281,4214057,15174210,133268.5293513304,495370
50000,11,1,0.38000000000000017,25281359,5040167,18033350,140356.34521967673,533224
50000,11,1,0.3900000000000002,25955125,5916424,21004142,145956.79997718817,555375
50000,11,1,0.4000000000000002,26630848,6928963,24414916,153967.36324699005,583662
50000,11,1,0.4100000000000002,27293566,7892159,27577506,161543.10842882504,596318
50000,11,1,0.4200000000000002,27948304,8891440,30804978,169335.47802738508,607313
50000,11,1,0.4300000000000002,28610976,9641206,33099440,173369.20286010113,598203
50000,11,1,0.4400000000000002,29292523,10638422,36148930,181260.12894931526,600199
50000,11,1,0.45000000000000023,29953062,11388735,38282114,185418.9174744443,588664
50000,11,1,0.46000000000000024,30607983,12266403,40781602,191837.59041764127,585773
50000,11,1,0.47000000000000025,31281947,12945473,42535324,195214.94303096656,570659
50000,11,1,0.48000000000000026,31946901,13880873,45044674,202366.42635823696,570235
50000,11,1,0.49000000000000027,32613874,14574215,46683316,205926.40376422947,560217
50000,11,1,0.5000000000000002,33273108,15461693,48878060,212275.67918203247,559375
50000,11,1,0.5100000000000002,33948011,16171451,50404572,215923.51149266554,551856
50000,11,1,0.5200000000000002,34600743,17044046,52372772,221917.2929775546,551570
50000,11,1,0.5300000000000002,35275841,17803062,53890298,226088.43859061602,547944
50000,11,1,0.5400000000000003,35947265,18592828,55411260,230534.33611459724,543818
50000,11,1,0.5500000000000003,36600651,19412307,56959208,235554.88859564607,544396
50000,11,1,0.5600000000000003,37269862,20270317,58489250,240673.11065256724,544515
50000,11,1,0.5700000000000003,37927813,20975397,59533934,244007.54592392265,541878
50000,11,1,0.5800000000000003,38589534,21838000,60917490,249092.90774523103,542874
50000,11,1,0.5900000000000003,39260490,22730904,62264698,254173.75278175334,545368
50000,11,1,0.6000000000000003,39929267,23481682,63155370,257725.9392437463,545183
50000,11,1,0.6100000000000003,40602609,24388725,64345244,262742.7625472937,548308
50000,11,1,0.6200000000000003,41265511,25390872,65704992,268755.4571217312,554167
50000,11,1,0.6300000000000003,41923843,26139958,66330658,272002.7830348851,555161
50000,11,1,0.6400000000000003,42593401,27122924,67415592,277518.67540617194,560251
50000,11,1,0.6500000000000004,43261789,27938356,67991408,281145.05498341593,562995
50000,11,1,0.6600000000000004,43921986,28911632,68860802,286368.06367972627,569250
50000,11,1,0.6700000000000004,44592734,29765024,69324108,290142.6650891873,572200
50000,11,1,0.6800000000000004,45251929,30499898,69440004,292802.77729236125,574193
50000,11,1,0.6900000000000004,45923507,31490745,70037812,297748.04921256163,580114
50000,11,1,0.7000000000000004,46585357,32494209,70543810,302713.3252054296,586742
50000,11,1,0.7100000000000004,47252304,33534770,71026552,307896.4031605229,594029
50000,11,1,0.7200000000000004,47918437,34445865,71113928,311752.216207354,599212
50000,11,1,0.7300000000000004,48582091,35456340,71293320,316393.1848028933,605448
50000,11,1,0.7400000000000004,49241278,36258229,70988920,319154.7334096923,608355
50000,11,1,0.7500000000000004,49905349,37506342,71425420,325676.97713143914,618558
50000,11,1,0.7600000000000005,50577918,38273586,70804108,327859.89736460365,620940
50000,11,1,0.7700000000000005,51243477,39439360,70836120,333437.1009649614,629583
50000,11,1,0.7800000000000005,51908848,40489657,70525530,337861.95456265553,636438
50000,11,1,0.7900000000000005,52573004,41455885,69993960,341551.7589984012,641817
50000,11,1,0.8000000000000005,53240862,42749707,69843492,347752.50088948215,652023
50000,11,1,0.8100000000000005,53910518,43823490,69212482,352047.98689224216,658658
50000,11,1,0.8200000000000005,54573407,44752682,68264004,355113.71682163136,663378
50000,11,1,0.8300000000000005,55225881,45998971,67702294,360664.93965987564,672674
50000,11,1,0.8400000000000005,55901994,47007777,66601244,364120.38102096686,677982
50000,11,1,0.8500000000000005,56568418,48167733,65624132,368701.655406975,685632
50000,11,1,0.8600000000000005,57228550,49024426,64157506,370918.6804406576,689024
50000,11,1,0.8700000000000006,57899076,50370017,63141954,376686.40962984745,699005
50000,11,1,0.8800000000000006,58564188,51511483,61774800,380843.3315680023,706068
50000,11,1,0.8900000000000006,59229886,52661633,60286384,384974.2727440437,713198
50000,11,1,0.9000000000000006,59895125,53889923,58760042,389572.86763812747,721308
50000,11,1,0.9100000000000006,60559181,54966490,56942456,393002.3282371052,727193
50000,11,1,0.9200000000000006,61221849,56351672,55312508,398536.23056727386,737163
50000,11,1,0.9300000000000006,61891198,57575627,53367246,402797.0755538826,744754
50000,11,1,0.9400000000000006,62558210,58890699,51364648,407603.5165448741,753413
50000,11,1,0.9500000000000006,63222901,59919013,48998706,410366.1375829395,758380
50000,11,1,0.9600000000000006,63888223,61280047,46780180,415319.80289257405,767427
50000,11,1,0.9700000000000006,64556050,62645238,44399532,420186.86566183035,776356
50000,11,1,0.9800000000000006,65217730,63909129,41829658,424317.8068378717,783948
50000,11,1,0.9900000000000007,65884769,65213235,39122530,428595.9723325561,791844
50000,11,1,1.0000000000000007,66550000,66550000,36300000,433012.7018918456,800000
50000,13,1,0.01,1097680,556,3274,29.242640687119287,556
50000,13,1,0.02,2199036,1128,6496,121.96399003885763,1120
50000,13,1,0.03,3294234,1775,10028,265.99972034959376,1751
50000,13,1,0.04,4395072,2711,14994,524.3114981195176,2652
50000,13,1,0.05,5490718,3397,18442,756.3030269012842,3281
50000,13,1,0.060000000000000005,6590768,4510,24108,1096.3834642860345,4306
50000,13,1,0.07,7687874,5874,30514,1690.9916332045436,5523
50000,13,1,0.08,8781510,6932,35582,2010.5314794228266,6384
50000,13,1,0.09,9886808,8515,42790,2655.4875089158736,7673
50000,13,1,0.09999999999999999,10983567,10587,52054,3421.651023769637,9294
50000,13,1,0.10999999999999999,12080083,12402,60302,4093.2378406718076,10722
50000,13,1,0.11999999999999998,13176661,14905,71188,5010.601637141728,12517
50000,13,1,0.12999999999999998,14276398,18079,84460,6141.141430033041,14710
50000,13,1,0.13999999999999999,15381527,21422,98606,7207.175139527061,16788
50000,13,1,0.15,16476011,26419,119600,8839.715914440052,20127
50000,13,1,0.16,17576344,29903,133496,9937.152302270702,22023
50000,13,1,0.17,18669798,36391,159812,11783.733490981747,25732
50000,13,1,0.18000000000000002,19768329,44600,192286,13806.736313009427,29801
50000,13,1,0.19000000000000003,20874329,54468,231332,16279.11433147152,34505
50000,13,1,0.20000000000000004,21964703,67533,282296,19031.115662459164,40255
50000,13,1,0.21000000000000005,23069439,82060,338736,21773.37327965718,46468
50000,13,1,0.22000000000000006,24158925,102169,415568,25217.064262126532,53775
50000,13,1,0.23000000000000007,25263971,129899,521766,29640.715736503662,63381
50000,13,1,0.24000000000000007,26370085,161727,642444,34177.76749811445,73880
50000,13,1,0.25000000000000006,27456791,208020,815950,38855.444902217496,85632
50000,13,1,0.26000000000000006,28556613,281901,1094666,46682.521504334865,105094
50000,13,1,0.2700000000000001,29661527,373139,1434480,53580.63898735006,125270
50000,13,1,0.2800000000000001,30759378,495163,1886452,60844.593457259885,147606
50000,13,1,0.2900000000000001,31855587,672380,2543370,70485.18928694498,179491
50000,13,1,0.3000000000000001,32950220,922962,3465344,79443.7433255527,214025
50000,13,1,0.3100000000000001,34050082,1278120,4763228,89237.7508024064,256664
50000,13,1,0.3200000000000001,35151506,1753575,6495978,101726.42588702895,311847
50000,13,1,0.3300000000000001,36239452,2430441,8948196,113427.53889679625,373093
50000,13,1,0.34000000000000014,37348555,3250333,11897236,123646.89629502196,431411
50000,13,1,0.35000000000000014,38439336,4480263,16300334,137879.79890209212,517388
50000,13,1,0.36000000000000015,39542037,5696526,20592144,146532.00640228568,571120
50000,13,1,0.37000000000000016,40638059,7266254,26097742,159071.55952038502,634823
50000,13,1,0.38000000000000017,41744510,8912591,31787056,168983.36323472558,679710
50000,13,1,0.3900000000000002,42835457,10432209,36932826,176629.1107216009,698242
50000,13,1,0.4000000000000002,43947223,12110636,42535732,186990.11802494476,711463
50000,13,1,0.4100000000000002,45037025,13631676,47452308,194903.10443169685,708915
50000,13,1,0.4200000000000002,46142042,15040935,51856418,201697.00600905274,698601
50000,13,1,0.4300000000000002,47241405,16360576,55840064,208392.44934009624,685230
50000,13,1,0.4400000000000002,48337376,17608507,59477696,213740.31998546695,669566
50000,13,1,0.45000000000000023,49425201,19103204,63793950,222579.91949251248,663960
50000,13,1,0.46000000000000024,50541390,20606595,67972440,230966.00918954445,660361
50000,13,1,0.47000000000000025,51631302,21788359,71007068,236134.79498557295,648117
50000,13,1,0.48000000000000026,52730593,23146823,74467148,242923.2632957275,643680
50000,13,1,0.49000000000000027,53826638,24419833,77494532,248842.88276669724,637519
50000,13,1,0.5000000000000002,54925224,25749429,80581634,255274.08531015378,632559
50000,13,1,0.5100000000000002,56024397,27046869,83425656,261135.2565259535,629322
50000,13,1,0.5200000000000002,57127903,28430459,86337204,267595.59008507855,628022
50000,13,1,0.5300000000000002,58220900,29508065,88267618,271361.1122928477,621427
50000,13,1,0.5400000000000003,59320454,30986640,91191894,278486.1615710913,623627
50000,13,1,0.5500000000000003,60409607,32239011,93328528,283530.9447452324,622268
50000,13,1,0.5600000000000003,61518558,33367080,94955616,287310.6066670074,619468
50000,13,1,0.5700000000000003,62613848,34719332,97084212,292892.6946220202,621496
50000,13,1,0.5800000000000003,63710665,36292470,99661890,300257.3079179562,627572
50000,13,1,0.5900000000000003,64807438,37678613,101532356,305760.7095565631,630202
50000,13,1,0.6000000000000003,65907137,39190363,103617374,312249.3661201163,636293
50000,13,1,0.6100000000000003,67011647,40551197,105105570,317255.72283153306,639323
50000,13,1,0.6200000000000003,68102104,41631420,105759838,320108.1902351527,638659
50000,13,1,0.6300000000000003,69206170,43085789,107186380,325639.24398924777,644589
50000,13,1,0.6400000000000003,70302360,44642930,108703652,331783.8133880894,651835
50000,13,1,0.6500000000000004,71407837,46317928,110345114,338651.71489262715,660861
50000,13,1,0.6600000000000004,72501513,47668069,111023160,343027.8261466282,665062
50000,13,1,0.6700000000000004,73606908,48935996,111347976,346654.67825786525,668276
50000,13,1,0.6800000000000004,74699156,50533615,112268664,352513.4816377071,676125
50000,13,1,0.6900000000000004,75799507,52477532,113761794,360582.08398590196,688983
50000,13,1,0.7000000000000004,76890834,53579487,113272424,362794.2752591003,690285
50000,13,1,0.7100000000000004,77994133,55351724,114033608,369383.53997811937,700006
50000,13,1,0.7200000000000004,79096072,56711003,113730728,373053.56703558465,704408
50000,13,1,0.7300000000000004,80188365,58715316,114580276,380897.12685272103,716847
50000,13,1,0.7400000000000004,81287120,60191334,114185106,385118.0329610791,722781
50000,13,1,0.7500000000000004,82395492,61492074,113238118,388048.11948043463,726087
50000,13,1,0.7600000000000005,83489161,63784694,113970094,397182.9554395299,741329
50000,13,1,0.7700000000000005,84592048,65186495,112882510,400560.99796132435,745862
50000,13,1,0.7800000000000005,85678420,66778834,112021572,405123.2197884493,752647
50000,13,1,0.7900000000000005,86782995,68856171,111717230,412376.50512348587,764786
50000,13,1,0.8000000000000005,87877329,70153580,109958234,414871.2017334224,767779
50000,13,1,0.8100000000000005,88977498,72235676,109265770,421906.7921137495,779699
50000,13,1,0.8200000000000005,90074165,73756608,107494676,425502.5295902534,785273
50000,13,1,0.8300000000000005,91172368,75455321,105799100,430054.359112533,792487
50000,13,1,0.8400000000000005,92268670,77794697,104791520,438108.395367708,806291
50000,13,1,0.8500000000000005,93368563,79475423,102650542,442296.494220399,813078
50000,13,1,0.8600000000000005,94468712,81196796,100380664,446598.9084263893,820391
50000,13,1,0.8700000000000006,95568929,83196954,98251572,452335.46070104296,830222
50000,13,1,0.8800000000000006,96669363,85130095,95816428,457573.18234311807,839153
50000,13,1,0.8900000000000006,97764920,87147467,93277652,463164.24234993634,848816
50000,13,1,0.9000000000000006,98871119,88987200,90295866,467653.71804314357,856510
50000,13,1,0.9100000000000006,99957598,91012800,87365946,473099.2857821264,866026
50000,13,1,0.9200000000000006,101064324,92918142,84015786,477713.4691334783,874167
50000,13,1,0.9300000000000006,102159234,94836152,80528040,482358.82939936634,882443
50000,13,1,0.9400000000000006,103260949,97030985,77002354,488251.26624670083,893031
50000,13,1,0.9500000000000006,104359277,99089882,73146858,493364.2802306313,902198
50000,13,1,0.9600000000000006,105456249,101245430,69150658,498861.8094938411,912172
50000,13,1,0.9700000000000006,106555236,103360540,64861826,504026.7850019985,921566
50000,13,1,0.9800000000000006,107650230,105470322,60369282,509087.837461702,930768
50000,13,1,0.9900000000000007,108750956,107713923,55678498,514658.1128588295,940938
50000,13,1,1.0000000000000007,109850000,109850000,50700000,519615.24227007915,950000
50000,15,1,0.01,1686163,521,3072,24.82842712474619,520
50000,15,1,0.02,3376757,1143,6576,126.53104068079217,1138
50000,15,1,0.03,5061370,1765,10018,254.430535617404,1748
50000,15,1,0.04,6748810,2563,14236,467.38767701076046,2515
50000,15,1,0.05,8441587,3491,18990,774.1918679130978,3377
50000,15,1,0.060000000000000005,10123058,4418,23520,1119.5105144737884,4230
50000,15,1,0.07,11813755,5677,29622,1558.1838667907427,5307
50000,15,1,0.08,13497530,7026,35932,2071.354576653941,6441
50000,15,1,0.09,15184803,8554,43066,2684.902775885503,7756
50000,15,1,0.09999999999999999,16869498,10089,50016,3233.8649204203552,8982
50000,15,1,0.10999999999999999,18560436,12353,59964,4035.060632264258,10570
50000,15,1,0.11999999999999998,20247472,15010,71610,5018.723947744222,12602
50000,15,1,0.12999999999999998,21940229,18345,85592,6200.492981062748,14836
50000,15,1,0.13999999999999999,23625322,20951,96598,7127.414967775461,16608
50000,15,1,0.15,25316202,25314,114682,8452.026922893188,19176
50000,15,1,0.16,27009303,31050,138448,10213.832220249713,22770
50000,15,1,0.17,28690350,37212,163004,11932.234521401413,26081
50000,15,1,0.18000000000000002,30365168,45713,196478,14137.79479652865,30259
50000,15,1,0.19000000000000003,32056581,54123,230018,16004.856862580184,34312
50000,15,1,0.20000000000000004,33752620,66784,279604,19022.03192319207,40264
50000,15,1,0.21000000000000005,35440410,82626,340702,22210.89977130412,46834
50000,15,1,0.22000000000000006,37130165,103826,422322,25811.09858787111,54828
50000,15,1,0.23000000000000007,38814937,130724,524948,29691.388059442448,63312
50000,15,1,0.24000000000000007,40500158,170773,676216,35244.15790911507,75805
50000,15,1,0.25000000000000006,42185629,218248,856264,40682.43302421371,89339
50000,15,1,0.26000000000000006,43873114,285161,1106336,46166.996595171826,104290
50000,15,1,0.2700000000000001,45563477,407447,1563594,56361.512652891164,131680
50000,15,1,0.2800000000000001,47250857,555562,2112934,64758.00592428319,157595
50000,15,1,0.2900000000000001,48940903,767328,2894686,73818.46417167889,189203
50000,15,1,0.3000000000000001,50624364,1139974,4268776,87714.64184922416,240461
50000,15,1,0.3100000000000001,52305230,1674556,6231736,101649.63474680338,299812
50000,15,1,0.3200000000000001,54006455,2421801,8953520,114980.60622600051,368668
50000,15,1,0.3300000000000001,55679226,3508732,12891100,129663.4811797922,450361
50000,15,1,0.34000000000000014,57377733,5051948,18455530,145631.74430952183,546694
50000,15,1,0.35000000000000014,59066932,6915957,25118540,158014.29237531865,631686
50000,15,1,0.36000000000000015,60741908,9305862,33590374,173167.92313743534,718358
50000,15,1,0.37000000000000016,62433533,11843683,42453558,185688.45333758887,780017
50000,15,1,0.38000000000000017,64111535,14250170,50744868,195193.2957526319,803697
50000,15,1,0.3900000000000002,65806771,16835241,59466178,207442.95763877805,817017
50000,15,1,0.4000000000000002,67501007,19278622,67510444,218213.80492707525,812416
50000,15,1,0.4100000000000002,69184853,21447921,74429666,226863.92277232817,795909
50000,15,1,0.4200000000000002,70879502,23655837,81265484,236550.26417941562,779282
50000,15,1,0.4300000000000002,72552907,25544695,86833170,243033.86331852415,759116
50000,15,1,0.4400000000000002,74254457,27890933,93757292,253957.36898834983,752020
50000,15,1,0.45000000000000023,75941440,29836141,99126244,261159.15813139977,739876
50000,15,1,0.46000000000000024,77610593,31923073,104753354,269656.2591140631,731495
50000,15,1,0.47000000000000025,79308727,33706654,109190980,275490.3301034361,717858
50000,15,1,0.48000000000000026,81007628,35528548,113545994,281504.1585592405,708521
50000,15,1,0.49000000000000027,82688754,37332831,117641918,287458.2871317226,699824
50000,15,1,0.5000000000000002,84382915,39483426,122615394,295885.17509618227,698980
50000,15,1,0.5100000000000002,86056190,41431704,126757714,302672.56167827634,696260
50000,15,1,0.5200000000000002,87741525,43681494,131565686,311449.5983721761,699049
50000,15,1,0.5300000000000002,89424281,45395669,134531962,316168.6554251218,694033
50000,15,1,0.5400000000000003,91140080,47298725,137849902,322046.3131967927,693416
50000,15,1,0.5500000000000003,92817608,49712251,142430052,331266.0378449672,700341
50000,15,1,0.5600000000000003,94494554,51655470,145439862,337210.5471098417,702697
50000,15,1,0.5700000000000003,96196691,53577150,148106370,342734.6680839912,703780
50000,15,1,0.5800000000000003,97884699,55944120,151808666,350994.7836032592,711774
50000,15,1,0.5900000000000003,99564481,57747928,153727720,355530.4345653641,712607
50000,15,1,0.6000000000000003,101254653,59762510,155961770,361218.70167806855,717158
50000,15,1,0.6100000000000003,102940231,62382724,159498622,370354.9651323188,728360
50000,15,1,0.6200000000000003,104627939,64525609,161603962,376511.82345464977,735194
50000,15,1,0.6300000000000003,106309912,66164426,162147338,379507.50203325594,735990
50000,15,1,0.6400000000000003,108002983,68141089,163377992,384384.3699047049,741276
50000,15,1,0.6500000000000004,109678388,71175961,166851724,395091.01557756413,757397
50000,15,1,0.6600000000000004,111378146,73413564,168107698,401025.76216063753,765099
50000,15,1,0.6700000000000004,113064025,75554704,168929916,406346.5146610574,771402
50000,15,1,0.6800000000000004,114751511,78322657,170847218,414819.8646802003,784566
50000,15,1,0.6900000000000004,116434704,80533389,171306334,420227.77878269256,792096
50000,15,1,0.7000000000000004,118130600,82200529,170312258,422570.5220174745,793109
50000,15,1,0.7100000000000004,119812897,85445988,172375458,432960.19184960437,810245
50000,15,1,0.7200000000000004,121503108,87678737,172024388,437968.453696797,817045
50000,15,1,0.7300000000000004,123188285,89506468,170671110,440877.3960910198,820260
50000,15,1,0.7400000000000004,124872177,92652366,171609232,450189.4497512815,835478
50000,15,1,0.7500000000000004,126563932,94879926,170446018,454747.658958063,842081
50000,15,1,0.7600000000000005,128243075,97710293,170151798,462132.9400694962,853659
50000,15,1,0.7700000000000005,129930207,99981119,168546340,466678.5734393749,860301
50000,15,1,0.7800000000000005,131628961,102841427,167612066,473782.89733328845,871740
50000,15,1,0.7900000000000005,133307973,105017306,165356196,477699.61272796086,877349
50000,15,1,0.8000000000000005,135003222,107890292,163826432,484561.99802756443,888644
50000,15,1,0.8100000000000005,136689765,110799811,162062330,491448.632038474,900130
50000,15,1,0.8200000000000005,138376683,113616362,159830510,497777.54568934516,910580
50000,15,1,0.8300000000000005,140065538,116038077,156772958,502251.4329253058,917500
50000,15,1,0.8400000000000005,141752089,118790540,153852830,508034.7505717915,927187
50000,15,1,0.8500000000000005,143438749,121855034,151019752,515006.25507227215,939025
50000,15,1,0.8600000000000005,145120342,124803865,147730294,521347.2930787963,949829
50000,15,1,0.8700000000000006,146807982,127778742,144092206,527627.7093070394,960474
50000,15,1,0.8800000000000006,148495320,130497429,139881180,532744.187392585,969122
50000,15,1,0.8900000000000006,150192711,133732248,135801424,539764.189315644,981360
50000,15,1,0.9000000000000006,151876273,136504001,131001056,544844.2943342307,990100
50000,15,1,0.9100000000000006,153560220,139845908,126412990,552070.4103033899,1002882
50000,15,1,0.9200000000000006,155245626,142436651,120784588,556192.6912253934,1010026
50000,15,1,0.9300000000000006,156936186,146558965,116065226,566122.5385051608,1027825
50000,15,1,0.9400000000000006,158618922,148967968,109654382,569323.3683975401,1033417
50000,15,1,0.9500000000000006,160310087,152190679,103488328,575506.7897805454,1044502
50000,15,1,0.9600000000000006,162003335,155269675,96853930,581011.2472469854,1054370
50000,15,1,0.9700000000000006,163686524,158803233,90197690,588128.244015268,1067219
50000,15,1,0.9800000000000006,165374038,162054361,82969764,594044.9295739084,1077926
50000,15,1,0.9900000000000007,167059895,165526698,75493560,600652.7034047671,1089906
50000,15,1,1.0000000000000007,168750000,168750000,67500000,606217.7826494719,1100000