rep,n,d,p,nc,lc,sq
50000,2,1,0.0,0,0,0
50000,2,1,0.1,1009,2018,19685
50000,2,1,0.01,10,20,1924
50000,2,1,0.02,40,80,3970
50000,2,1,0.03,98,196,6035
50000,2,1,0.04,148,296,7926
50000,2,1,0.05,266,532,9992
50000,2,1,0.060000000000000005,364,728,12152
50000,2,1,0.07,468,936,13902
50000,2,1,0.08,615,1230,15970
50000,2,1,0.09,816,1632,18033
50000,2,1,0.09999999999999999,989,1978,20081
50000,2,1,0.10999999999999999,1226,2452,22081
50000,2,1,0.11999999999999998,1443,2886,23919
50000,2,1,0.12999999999999998,1695,3390,25961
50000,2,1,0.13999999999999999,1934,3868,28015
50000,2,1,0.15,2293,4586,30175
50000,2,1,0.16,2580,5160,32042
50000,2,1,0.17,2875,5750,33954
50000,2,1,0.18000000000000002,3161,6322,35992
50000,2,1,0.19000000000000003,3594,7188,38127
50000,2,1,0.20000000000000004,3876,7752,39894
50000,2,1,0.21000000000000005,4357,8714,42393
50000,2,1,0.22000000000000006,4598,9196,43662
50000,2,1,0.23000000000000007,5140,10280,45837
50000,2,1,0.24000000000000007,5571,11142,48098
50000,2,1,0.25000000000000006,6200,12400,50493
50000,2,1,0.26000000000000006,6535,13070,51798
50000,2,1,0.2700000000000001,7034,14068,53902
50000,2,1,0.2800000000000001,7639,15278,56427
50000,2,1,0.2900000000000001,8065,16130,58073
50000,2,1,0.3000000000000001,8537,17074,59753
50000,2,1,0.3100000000000001,9219,18438,62199
50000,2,1,0.3200000000000001,9668,19336,63845
50000,2,1,0.3300000000000001,10304,20608,65677
50000,2,1,0.34000000000000014,10747,21494,67427
50000,2,1,0.35000000000000014,11430,22860,69882
50000,2,1,0.36000000000000015,12230,24460,71998
50000,2,1,0.37000000000000016,12789,25578,74094
50000,2,1,0.38000000000000017,13535,27070,76183
50000,2,1,0.3900000000000002,14172,28344,78086
50000,2,1,0.4000000000000002,14814,29628,80344
50000,2,1,0.4100000000000002,15235,30470,81697
50000,2,1,0.4200000000000002,16134,32268,84189
50000,2,1,0.4300000000000002,16827,33654,86107
50000,2,1,0.4400000000000002,17435,34870,88032
50000,2,1,0.45000000000000023,18089,36178,89763
50000,2,1,0.46000000000000024,18741,37482,91695
50000,2,1,0.47000000000000025,19701,39402,94237
50000,2,1,0.48000000000000026,20459,40918,95748
50000,2,1,0.49000000000000027,21201,42402,98152
50000,2,1,0.5000000000000002,21933,43866,99986
50000,2,1,0.5100000000000002,22860,45720,102328
50000,2,1,0.5200000000000002,23322,46644,103870
50000,2,1,0.5300000000000002,24130,48260,105997
50000,2,1,0.5400000000000003,24970,49940,108014
50000,2,1,0.5500000000000003,25587,51174,110069
50000,2,1,0.5600000000000003,26571,53142,112247
50000,2,1,0.5700000000000003,27137,54274,113860
50000,2,1,0.5800000000000003,28100,56200,116171
50000,2,1,0.5900000000000003,28668,57336,117793
50000,2,1,0.6000000000000003,29341,58682,119938
50000,2,1,0.6100000000000003,30204,60408,121612
50000,2,1,0.6200000000000003,31181,62362,124142
50000,2,1,0.6300000000000003,31648,63296,125464
50000,2,1,0.6400000000000003,32451,64902,127902
50000,2,1,0.6500000000000004,33317,66634,129992
50000,2,1,0.6600000000000004,34254,68508,132196
50000,2,1,0.6700000000000004,34851,69702,134182
50000,2,1,0.6800000000000004,35359,70718,135795
50000,2,1,0.6900000000000004,36292,72584,137927
50000,2,1,0.7000000000000004,37119,74238,140185
50000,2,1,0.7100000000000004,37689,75378,141921
50000,2,1,0.7200000000000004,38265,76530,143979
50000,2,1,0.7300000000000004,39010,78020,146143
50000,2,1,0.7400000000000004,39580,79160,147782
50000,2,1,0.7500000000000004,40439,80878,149918
50000,2,1,0.7600000000000005,41116,82232,152186
50000,2,1,0.7700000000000005,41716,83432,154021
50000,2,1,0.7800000000000005,42352,84704,156196
50000,2,1,0.7900000000000005,42855,85710,157908
50000,2,1,0.8000000000000005,43402,86804,159964
50000,2,1,0.8100000000000005,44012,88024,162010
50000,2,1,0.8200000000000005,44715,89430,164234
50000,2,1,0.8300000000000005,45166,90332,165749
50000,2,1,0.8400000000000005,45466,90932,167602
50000,2,1,0.8500000000000005,46198,92396,170307
50000,2,1,0.8600000000000005,46535,93070,171942
50000,2,1,0.8700000000000006,47016,94032,174088
50000,2,1,0.8800000000000006,47437,94874,176016
50000,2,1,0.8900000000000006,47824,95648,177920
50000,2,1,0.9000000000000006,48178,96356,180034
50000,2,1,0.9100000000000006,48518,97036,181952
50000,2,1,0.9200000000000006,48779,97558,183921
50000,2,1,0.9300000000000006,49117,98234,186053
50000,2,1,0.9400000000000006,49335,98670,188113
50000,2,1,0.9500000000000006,49517,99034,190034
50000,2,1,0.9600000000000006,49673,99346,191996
50000,2,1,0.9700000000000006,49841,99682,194038
50000,2,1,0.9800000000000006,49924,99848,195973
50000,2,1,0.9900000000000007,49986,99972,198007
50000,2,1,1.0000000000000007,50000,100000,200000
50000,2,1,1,50000,100000,200000
50000,2,2,0.0,0,0,0
50000,2,2,0.1,0,0,7943
50000,2,2,0.2,15,60,32017
50000,2,2,0.11,0,0,9698
50000,2,2,0.12,1,4,11746
50000,2,2,0.13,1,4,13568
50000,2,2,0.14,0,0,15622
50000,2,2,0.15000000000000002,2,8,17933
50000,2,2,0.16000000000000003,3,12,20471
50000,2,2,0.17000000000000004,3,12,23113
50000,2,2,0.18000000000000005,4,16,25773
50000,2,2,0.19000000000000006,15,60,29026
50000,2,2,0.20000000000000007,12,48,31837
50000,2,2,0.21000000000000008,18,72,35173
50000,2,2,0.22000000000000008,13,52,38485
50000,2,2,0.2300000000000001,41,164,42571
50000,2,2,0.2400000000000001,37,148,45829
50000,2,2,0.2500000000000001,39,156,49983
50000,2,2,0.2600000000000001,47,188,54031
50000,2,2,0.27000000000000013,78,312,58386
50000,2,2,0.28000000000000014,98,392,62558
50000,2,2,0.29000000000000015,117,468,67529
50000,2,2,0.30000000000000016,130,520,72040
50000,2,2,0.31000000000000016,174,696,77523
50000,2,2,0.3200000000000002,195,780,82075
50000,2,2,0.3300000000000002,252,1008,87312
50000,2,2,0.3400000000000002,310,1240,92449
50000,2,2,0.3500000000000002,353,1412,97637
50000,2,2,0.3600000000000002,428,1712,103390
50000,2,2,0.3700000000000002,488,1952,110111
50000,2,2,0.3800000000000002,611,2444,115199
50000,2,2,0.39000000000000024,714,2856,121365
50000,2,2,0.40000000000000024,818,3272,127251
50000,2,2,0.41000000000000025,934,3736,134739
50000,2,2,0.42000000000000026,1080,4320,141381
50000,2,2,0.43000000000000027,1250,5000,148311
50000,2,2,0.4400000000000003,1426,5704,154856
50000,2,2,0.4500000000000003,1640,6560,162620
50000,2,2,0.4600000000000003,1796,7184,169544
50000,2,2,0.4700000000000003,2008,8032,176134
50000,2,2,0.4800000000000003,2335,9340,185056
50000,2,2,0.4900000000000003,2650,10600,191484
50000,2,2,0.5000000000000003,2989,11956,199923
50000,2,2,0.5100000000000003,3243,12972,208194
50000,2,2,0.5200000000000004,3816,15264,216398
50000,2,2,0.5300000000000004,4120,16480,224153
50000,2,2,0.5400000000000004,4574,18296,233559
50000,2,2,0.5500000000000004,5268,21072,241864
50000,2,2,0.5600000000000004,5700,22800,250655
50000,2,2,0.5700000000000004,6246,24984,260151
50000,2,2,0.5800000000000004,7056,28224,269453
50000,2,2,0.5900000000000004,7534,30136,277564
50000,2,2,0.6000000000000004,8522,34088,289300
50000,2,2,0.6100000000000004,9243,36972,297951
50000,2,2,0.6200000000000004,9899,39596,307840
50000,2,2,0.6300000000000004,10878,43512,317403
50000,2,2,0.6400000000000005,11733,46932,328064
50000,2,2,0.6500000000000005,12780,51120,338787
50000,2,2,0.6600000000000005,14025,56100,349509
50000,2,2,0.6700000000000005,15044,60176,359359
50000,2,2,0.6800000000000005,16158,64632,369933
50000,2,2,0.6900000000000005,17352,69408,380960
50000,2,2,0.7000000000000005,18743,74972,393191
50000,2,2,0.7100000000000005,19898,79592,402947
50000,2,2,0.7200000000000005,20944,83776,412165
50000,2,2,0.7300000000000005,22601,90404,425736
50000,2,2,0.7400000000000005,24008,96032,437565
50000,2,2,0.7500000000000006,25458,101832,449794
50000,2,2,0.7600000000000006,26900,107600,462269
50000,2,2,0.7700000000000006,28395,113580,474095
50000,2,2,0.7800000000000006,29875,119500,485421
50000,2,2,0.7900000000000006,31323,125292,497839
50000,2,2,0.8000000000000006,33080,132320,511609
50000,2,2,0.8100000000000006,34545,138180,526143
50000,2,2,0.8200000000000006,35968,143872,537110
50000,2,2,0.8300000000000006,37393,149572,551140
50000,2,2,0.8400000000000006,38882,155528,565074
50000,2,2,0.8500000000000006,40193,160772,577005
50000,2,2,0.8600000000000007,41497,165988,592149
50000,2,2,0.8700000000000007,42689,170756,605791
50000,2,2,0.8800000000000007,43852,175408,619807
50000,2,2,0.8900000000000007,44903,179612,633332
50000,2,2,0.9000000000000007,45957,183828,648004
50000,2,2,0.9100000000000007,46761,187044,662404
50000,2,2,0.9200000000000007,47552,190208,676615
50000,2,2,0.9300000000000007,48187,192748,692346
50000,2,2,0.9400000000000007,48733,194932,706246
50000,2,2,0.9500000000000007,49189,196756,722344
50000,2,2,0.9600000000000007,49510,198040,737006
50000,2,2,0.9700000000000008,49774,199096,753274
50000,2,2,0.9800000000000008,49885,199540,768066
50000,2,2,0.9900000000000008,49977,199908,783954
50000,2,2,1.0000000000000007,50000,200000,800000
50000,2,2,1,50000,200000,800000
50000,2,3,0.0,0,0,0
50000,2,3,0.1,0,0,3183
50000,2,3,0.2,0,0,25203
50000,2,3,0.30000000000000004,0,0,86110
50000,2,3,0.4,0,0,204821
50000,2,3,0.5,24,192,400271
50000,2,3,0.41000000000000003,4,32,219218
50000,2,3,0.42000000000000004,1,8,236841
50000,2,3,0.43000000000000005,4,32,255492
50000,2,3,0.44000000000000006,5,40,272757
50000,2,3,0.45000000000000007,8,64,291049
50000,2,3,0.4600000000000001,2,16,311270
50000,2,3,0.4700000000000001,11,88,333172
50000,2,3,0.4800000000000001,12,96,355381
50000,2,3,0.4900000000000001,19,152,376266
50000,2,3,0.5000000000000001,19,152,400837
50000,2,3,0.5100000000000001,23,184,424951
50000,2,3,0.5200000000000001,42,336,449925
50000,2,3,0.5300000000000001,53,424,477856
50000,2,3,0.5400000000000001,75,600,502929
50000,2,3,0.5500000000000002,85,680,535019
50000,2,3,0.5600000000000002,104,832,560251
50000,2,3,0.5700000000000002,155,1240,593746
50000,2,3,0.5800000000000002,192,1536,624183
50000,2,3,0.5900000000000002,239,1912,656326
50000,2,3,0.6000000000000002,308,2464,691548
50000,2,3,0.6100000000000002,400,3200,722819
50000,2,3,0.6200000000000002,462,3696,762783
50000,2,3,0.6300000000000002,619,4952,800296
50000,2,3,0.6400000000000002,805,6440,839307
50000,2,3,0.6500000000000002,951,7608,878917
50000,2,3,0.6600000000000003,1137,9096,918720
50000,2,3,0.6700000000000003,1346,10768,963577
50000,2,3,0.6800000000000003,1765,14120,1005777
50000,2,3,0.6900000000000003,2124,16992,1051624
50000,2,3,0.7000000000000003,2561,20488,1096925
50000,2,3,0.7100000000000003,3075,24600,1143371
50000,2,3,0.7200000000000003,3709,29672,1191613
50000,2,3,0.7300000000000003,4494,35952,1243669
50000,2,3,0.7400000000000003,5377,43016,1298402
50000,2,3,0.7500000000000003,6404,51232,1352305
50000,2,3,0.7600000000000003,7498,59984,1402447
50000,2,3,0.7700000000000004,8798,70384,1462349
50000,2,3,0.7800000000000004,10456,83648,1519121
50000,2,3,0.7900000000000004,12031,96248,1577462
50000,2,3,0.8000000000000004,13988,111904,1638161
50000,2,3,0.8100000000000004,16076,128608,1700610
50000,2,3,0.8200000000000004,18421,147368,1762158
50000,2,3,0.8300000000000004,20788,166304,1832670
50000,2,3,0.8400000000000004,23626,189008,1900096
50000,2,3,0.8500000000000004,26121,208968,1962392
50000,2,3,0.8600000000000004,29201,233608,2033724
50000,2,3,0.8700000000000004,32052,256416,2104068
50000,2,3,0.8800000000000004,34904,279232,2179945
50000,2,3,0.8900000000000005,37685,301480,2257813
50000,2,3,0.9000000000000005,40318,322544,2335101
50000,2,3,0.9100000000000005,42625,341000,2413173
50000,2,3,0.9200000000000005,44650,357200,2490553
50000,2,3,0.9300000000000005,46370,370960,2574324
50000,2,3,0.9400000000000005,47598,380784,2656550
50000,2,3,0.9500000000000005,48592,388736,2740806
50000,2,3,0.9600000000000005,49292,394336,2831389
50000,2,3,0.9700000000000005,49633,397064,2921029
50000,2,3,0.9800000000000005,49873,398984,3010030
50000,2,3,0.9900000000000005,49976,399808,3104569
50000,2,3,1.0000000000000004,50000,400000,3200000
50000,2,3,1,50000,400000,3200000
50000,2,4,0.0,0,0,0
50000,2,4,0.1,0,0,1259
50000,2,4,0.2,0,0,19981
50000,2,4,0.30000000000000004,0,0,103373
50000,2,4,0.4,0,0,326927
50000,2,4,0.5,0,0,801564
50000,2,4,0.6,0,0,1659416
50000,2,4,0.7,21,336,3067979
50000,2,4,0.61,0,0,1772657
50000,2,4,0.62,0,0,1902229
50000,2,4,0.63,0,0,2013960
50000,2,4,0.64,1,16,2147795
50000,2,4,0.65,2,32,2286367
50000,2,4,0.66,3,48,2431125
50000,2,4,0.67,2,32,2581637
50000,2,4,0.68,5,80,2736889
50000,2,4,0.6900000000000001,12,192,2901493
50000,2,4,0.7000000000000001,18,288,3083289
50000,2,4,0.7100000000000001,31,496,3244382
50000,2,4,0.7200000000000001,58,928,3434469
50000,2,4,0.7300000000000001,65,1040,3641769
50000,2,4,0.7400000000000001,87,1392,3834747
50000,2,4,0.7500000000000001,143,2288,4046606
50000,2,4,0.7600000000000001,205,3280,4273271
50000,2,4,0.7700000000000001,306,4896,4502979
50000,2,4,0.7800000000000001,451,7216,4741327
50000,2,4,0.7900000000000001,674,10784,4971554
50000,2,4,0.8000000000000002,1022,16352,5244555
50000,2,4,0.8100000000000002,1400,22400,5512862
50000,2,4,0.8200000000000002,1963,31408,5795716
50000,2,4,0.8300000000000002,2780,44480,6082639
50000,2,4,0.8400000000000002,4038,64608,6379589
50000,2,4,0.8500000000000002,5492,87872,6678446
50000,2,4,0.8600000000000002,7591,121456,7009679
50000,2,4,0.8700000000000002,10263,164208,7347706
50000,2,4,0.8800000000000002,13663,218608,7683048
50000,2,4,0.8900000000000002,17517,280272,8025584
50000,2,4,0.9000000000000002,22505,360080,8387575
50000,2,4,0.9100000000000003,28081,449296,8767515
50000,2,4,0.9200000000000003,33696,539136,9173294
50000,2,4,0.9300000000000003,38819,621104,9568608
50000,2,4,0.9400000000000003,43373,693968,10002344
50000,2,4,0.9500000000000003,46615,745840,10431173
50000,2,4,0.9600000000000003,48525,776400,10866149
50000,2,4,0.9700000000000003,49494,791904,11332120
50000,2,4,0.9800000000000003,49859,797744,11813540
50000,2,4,0.9900000000000003,49983,799728,12292599
50000,2,4,1.0000000000000002,50000,800000,12800000
50000,2,4,1,50000,800000,12800000
50000,2,5,0.0,0,0,0
50000,2,5,0.1,0,0,540
50000,2,5,0.2,0,0,16415
50000,2,5,0.30000000000000004,0,0,124842
50000,2,5,0.4,0,0,523766
50000,2,5,0.5,0,0,1604920
50000,2,5,0.6,0,0,3974716
50000,2,5,0.7,0,0,8638387
50000,2,5,0.7999999999999999,1,32,16784715
50000,2,5,0.71,0,0,9257164
50000,2,5,0.72,0,0,9912390
50000,2,5,0.73,0,0,10609686
50000,2,5,0.74,0,0,11344265
50000,2,5,0.75,0,0,12131279
50000,2,5,0.76,0,0,12991331
50000,2,5,0.77,0,0,13825604
50000,2,5,0.78,0,0,14795416
50000,2,5,0.79,1,32,15785030
50000,2,5,0.8,2,64,16748057
50000,2,5,0.81,4,128,17860922
50000,2,5,0.8200000000000001,4,128,19003489
50000,2,5,0.8300000000000001,14,448,20164818
50000,2,5,0.8400000000000001,42,1344,21427990
50000,2,5,0.8500000000000001,53,1696,22702494
50000,2,5,0.8600000000000001,147,4704,24103653
50000,2,5,0.8700000000000001,289,9248,25538320
50000,2,5,0.8800000000000001,562,17984,27022325
50000,2,5,0.8900000000000001,1151,36832,28595661
50000,2,5,0.9000000000000001,2196,70272,30211050
50000,2,5,0.9100000000000001,4354,139328,31930549
50000,2,5,0.9200000000000002,7850,251200,33775844
50000,2,5,0.9300000000000002,14137,452384,35671126
50000,2,5,0.9400000000000002,22826,730432,37551966
50000,2,5,0.9500000000000002,34014,1088448,39640461
50000,2,5,0.9600000000000002,43305,1385760,41745968
50000,2,5,0.9700000000000002,48372,1547904,43936845
50000,2,5,0.9800000000000002,49797,1593504,46292683
50000,2,5,0.9900000000000002,49985,1599520,48698981
50000,2,5,1.0000000000000002,50000,1600000,51200000
50000,2,5,1,50000,1600000,51200000
50000,2,6,0.0,0,0,0
50000,2,6,0.1,0,0,211
50000,2,6,0.2,0,0,13297
50000,2,6,0.30000000000000004,0,0,148686
50000,2,6,0.4,0,0,840162
50000,2,6,0.5,0,0,3194364
50000,2,6,0.6,0,0,9567895
50000,2,6,0.7,0,0,24093053
50000,2,6,0.7999999999999999,0,0,53599975
50000,2,6,0.8999999999999999,5,320,108764875
50000,2,6,0.8099999999999999,0,0,57807831
50000,2,6,0.82,0,0,62123845
50000,2,6,0.83,0,0,66972732
50000,2,6,0.84,0,0,71916398
50000,2,6,0.85,0,0,77154170
50000,2,6,0.86,0,0,82842078
50000,2,6,0.87,0,0,88868790
50000,2,6,0.88,1,64,95094735
50000,2,6,0.89,0,0,101636041
50000,2,6,0.9,9,576,108598043
50000,2,6,0.91,18,1152,116329079
50000,2,6,0.92,83,5312,124101292
50000,2,6,0.93,367,23488,132463199
50000,2,6,0.9400000000000001,1289,82496,141309241
50000,2,6,0.9500000000000001,4690,300160,150626682
50000,2,6,0.9600000000000001,14750,944000,160304831
50000,2,6,0.9700000000000001,34996,2239744,170673495
50000,2,6,0.9800000000000001,48670,3114880,181520296
50000,2,6,0.9900000000000001,49976,3198464,192833062
50000,2,6,1.0,50000,3200000,204800000
50000,2,6,1,50000,3200000,204800000
50000,2,7,0.0,0,0,0
50000,2,7,0.1,0,0,103
50000,2,7,0.2,0,0,10465
50000,2,7,0.30000000000000004,0,0,179449
50000,2,7,0.4,0,0,1343501
50000,2,7,0.5,0,0,6407184
50000,2,7,0.6,0,0,23044735
50000,2,7,0.7,0,0,67466649
50000,2,7,0.7999999999999999,0,0,171704292
50000,2,7,0.8999999999999999,0,0,391881375
50000,2,7,0.9999999999999999,50000,6400000,819200000
50000,2,7,0.9999999999999999,50000,6400000,819200000
50000,2,7,1,50000,6400000,819200000
50000,2,8,0.0,0,0,0
50000,2,8,0.1,0,0,26
50000,2,8,0.2,0,0,8463
50000,2,8,0.30000000000000004,0,0,216934
50000,2,8,0.4,0,0,2160143
50000,2,8,0.5,0,0,12879733
50000,2,8,0.6,0,0,55008957
50000,2,8,0.7,0,0,188886400
50000,2,8,0.7999999999999999,0,0,550089993
50000,2,8,0.8999999999999999,0,0,1409528243
50000,2,8,0.9999999999999999,50000,12800000,3276800000
50000,2,8,0.9999999999999999,50000,12800000,3276800000
50000,2,8,1,50000,12800000,3276800000
50000,3,1,0.0,0,0,0
50000,3,1,0.1,147,441,44898
50000,3,1,0.01,1,3,4509
50000,3,1,0.02,1,3,9058
50000,3,1,0.03,3,9,13491
50000,3,1,0.04,7,21,18132
50000,3,1,0.05,27,81,22569
50000,3,1,0.060000000000000005,27,81,27138
50000,3,1,0.07,57,171,31298
50000,3,1,0.08,77,231,36292
50000,3,1,0.09,108,324,40321
50000,3,1,0.09999999999999999,137,411,44891
50000,3,1,0.10999999999999999,185,555,49474
50000,3,1,0.11999999999999998,259,777,54000
50000,3,1,0.12999999999999998,324,972,58430
50000,3,1,0.13999999999999999,385,1155,63073
50000,3,1,0.15,512,1536,67832
50000,3,1,0.16,657,1971,71787
50000,3,1,0.17,719,2157,76281
50000,3,1,0.18000000000000002,824,2472,80716
50000,3,1,0.19000000000000003,1033,3099,85697
50000,3,1,0.20000000000000004,1138,3414,89528
50000,3,1,0.21000000000000005,1413,4239,95001
50000,3,1,0.22000000000000006,1594,4782,98816
50000,3,1,0.23000000000000007,1800,5400,103532
50000,3,1,0.24000000000000007,2042,6126,107841
50000,3,1,0.25000000000000006,2271,6813,112374
50000,3,1,0.26000000000000006,2500,7500,116733
50000,3,1,0.2700000000000001,2821,8463,121330
50000,3,1,0.2800000000000001,3301,9903,126405
50000,3,1,0.2900000000000001,3620,10860,131078
50000,3,1,0.3000000000000001,3817,11451,134367
50000,3,1,0.3100000000000001,4299,12897,139680
50000,3,1,0.3200000000000001,4682,14046,143363
50000,3,1,0.3300000000000001,5253,15759,149142
50000,3,1,0.34000000000000014,5759,17277,153212
50000,3,1,0.35000000000000014,6152,18456,157835
50000,3,1,0.36000000000000015,6709,20127,162102
50000,3,1,0.37000000000000016,7239,21717,166325
50000,3,1,0.38000000000000017,7865,23595,171520
50000,3,1,0.3900000000000002,8337,25011,175323
50000,3,1,0.4000000000000002,9107,27321,180445
50000,3,1,0.4100000000000002,9636,28908,184310
50000,3,1,0.4200000000000002,10379,31137,188557
50000,3,1,0.4300000000000002,10894,32682,193512
50000,3,1,0.4400000000000002,11783,35349,198226
50000,3,1,0.45000000000000023,12364,37092,202429
50000,3,1,0.46000000000000024,13238,39714,206432
50000,3,1,0.47000000000000025,14005,42015,211560
50000,3,1,0.48000000000000026,14760,44280,215832
50000,3,1,0.49000000000000027,15843,47529,220675
50000,3,1,0.5000000000000002,16548,49644,225489
50000,3,1,0.5100000000000002,17459,52377,229708
50000,3,1,0.5200000000000002,18079,54237,234107
50000,3,1,0.5300000000000002,19069,57207,238224
50000,3,1,0.5400000000000003,20259,60777,243500
50000,3,1,0.5500000000000003,21097,63291,247796
50000,3,1,0.5600000000000003,21904,65712,252131
50000,3,1,0.5700000000000003,22927,68781,256642
50000,3,1,0.5800000000000003,23996,71988,261042
50000,3,1,0.5900000000000003,24913,74739,265472
50000,3,1,0.6000000000000003,26008,78024,270338
50000,3,1,0.6100000000000003,26972,80916,274946
50000,3,1,0.6200000000000003,28038,84114,279328
50000,3,1,0.6300000000000003,28807,86421,283418
50000,3,1,0.6400000000000003,29866,89598,287730
50000,3,1,0.6500000000000004,30718,92154,292061
50000,3,1,0.6600000000000004,31850,95550,297017
50000,3,1,0.6700000000000004,32872,98616,301791
50000,3,1,0.6800000000000004,33773,101319,306113
50000,3,1,0.6900000000000004,34843,104529,310855
50000,3,1,0.7000000000000004,35831,107493,314684
50000,3,1,0.7100000000000004,36910,110730,319746
50000,3,1,0.7200000000000004,37578,112734,323435
50000,3,1,0.7300000000000004,38599,115797,328438
50000,3,1,0.7400000000000004,39442,118326,333001
50000,3,1,0.7500000000000004,40320,120960,337205
50000,3,1,0.7600000000000005,41238,123714,342001
50000,3,1,0.7700000000000005,42032,126096,346759
50000,3,1,0.7800000000000005,42695,128085,351116
50000,3,1,0.7900000000000005,43410,130230,355101
50000,3,1,0.8000000000000005,44202,132606,360084
50000,3,1,0.8100000000000005,44872,134616,364221
50000,3,1,0.8200000000000005,45553,136659,369223
50000,3,1,0.8300000000000005,46042,138126,373535
50000,3,1,0.8400000000000005,46657,139971,378194
50000,3,1,0.8500000000000005,47032,141096,382363
50000,3,1,0.8600000000000005,47445,142335,386607
50000,3,1,0.8700000000000006,48061,144183,391670
50000,3,1,0.8800000000000006,48420,145260,396125
50000,3,1,0.8900000000000006,48684,146052,400365
50000,3,1,0.9000000000000006,48976,146928,404893
50000,3,1,0.9100000000000006,49247,147741,409417
50000,3,1,0.9200000000000006,49472,148416,414127
50000,3,1,0.9300000000000006,49628,148884,418672
50000,3,1,0.9400000000000006,49764,149292,422939
50000,3,1,0.9500000000000006,49861,149583,427328
50000,3,1,0.9600000000000006,49954,149862,432194
50000,3,1,0.9700000000000006,49981,149943,436496
50000,3,1,0.9800000000000006,49992,149976,440912
50000,3,1,0.9900000000000007,50000,150000,445461
50000,3,1,1,50000,150000,450000
50000,3,2,0.0,0,0,0
50000,3,2,0.1,0,0,40362
50000,3,2,0.2,0,0,162174
50000,3,2,0.30000000000000004,1,9,365895
50000,3,2,0.21000000000000005,0,0,178526
50000,3,2,0.22000000000000006,0,0,197505
50000,3,2,0.23000000000000007,0,0,213390
50000,3,2,0.24000000000000007,0,0,234413
50000,3,2,0.25000000000000006,0,0,253740
50000,3,2,0.26000000000000006,0,0,273433
50000,3,2,0.2700000000000001,0,0,295115
50000,3,2,0.2800000000000001,1,9,317090
50000,3,2,0.2900000000000001,0,0,339648
50000,3,2,0.3000000000000001,0,0,361795
50000,3,2,0.3100000000000001,0,0,390074
50000,3,2,0.3200000000000001,0,0,414533
50000,3,2,0.3300000000000001,0,0,440411
50000,3,2,0.34000000000000014,2,18,469136
50000,3,2,0.35000000000000014,1,9,496817
50000,3,2,0.36000000000000015,1,9,525347
50000,3,2,0.37000000000000016,3,27,554471
50000,3,2,0.38000000000000017,4,36,582515
50000,3,2,0.3900000000000002,8,72,615273
50000,3,2,0.4000000000000002,10,90,650639
50000,3,2,0.4100000000000002,9,81,680662
50000,3,2,0.4200000000000002,13,117,715226
50000,3,2,0.4300000000000002,21,189,750130
50000,3,2,0.4400000000000002,20,180,785183
50000,3,2,0.45000000000000023,39,351,822914
50000,3,2,0.46000000000000024,39,351,856851
50000,3,2,0.47000000000000025,64,576,893152
50000,3,2,0.48000000000000026,76,684,931497
50000,3,2,0.49000000000000027,85,765,973234
50000,3,2,0.5000000000000002,95,855,1009918
50000,3,2,0.5100000000000002,171,1539,1053969
50000,3,2,0.5200000000000002,202,1818,1093627
50000,3,2,0.5300000000000002,222,1998,1136948
50000,3,2,0.5400000000000003,267,2403,1182186
50000,3,2,0.5500000000000003,307,2763,1225988
50000,3,2,0.5600000000000003,433,3897,1272264
50000,3,2,0.5700000000000003,522,4698,1319386
50000,3,2,0.5800000000000003,641,5769,1365702
50000,3,2,0.5900000000000003,772,6948,1408188
50000,3,2,0.6000000000000003,980,8820,1458559
50000,3,2,0.6100000000000003,1148,10332,1509706
50000,3,2,0.6200000000000003,1323,11907,1554820
50000,3,2,0.6300000000000003,1728,15552,1610169
50000,3,2,0.6400000000000003,2132,19188,1656117
50000,3,2,0.6500000000000004,2496,22464,1710729
50000,3,2,0.6600000000000004,2985,26865,1764442
50000,3,2,0.6700000000000004,3485,31365,1817612
50000,3,2,0.6800000000000004,4063,36567,1869203
50000,3,2,0.6900000000000004,4823,43407,1928910
50000,3,2,0.7000000000000004,5895,53055,1982997
50000,3,2,0.7100000000000004,6706,60354,2042289
50000,3,2,0.7200000000000004,7849,70641,2098714
50000,3,2,0.7300000000000004,9068,81612,2160054
50000,3,2,0.7400000000000004,10360,93240,2213022
50000,3,2,0.7500000000000004,12088,108792,2280180
50000,3,2,0.7600000000000005,13821,124389,2338935
50000,3,2,0.7700000000000005,15720,141480,2400016
50000,3,2,0.7800000000000005,17767,159903,2465683
50000,3,2,0.7900000000000005,20229,182061,2530843
50000,3,2,0.8000000000000005,22322,200898,2592305
50000,3,2,0.8100000000000005,24931,224379,2658211
50000,3,2,0.8200000000000005,27566,248094,2723260
50000,3,2,0.8300000000000005,30118,271062,2789142
50000,3,2,0.8400000000000005,32703,294327,2859710
50000,3,2,0.8500000000000005,35317,317853,2924297
50000,3,2,0.8600000000000005,37819,340371,2995722
50000,3,2,0.8700000000000006,40188,361692,3067251
50000,3,2,0.8800000000000006,42483,382347,3139680
50000,3,2,0.8900000000000006,44020,396180,3205650
50000,3,2,0.9000000000000006,45741,411669,3280248
50000,3,2,0.9100000000000006,47135,424215,3353603
50000,3,2,0.9200000000000006,48062,432558,3427601
50000,3,2,0.9300000000000006,48840,439560,3502184
50000,3,2,0.9400000000000006,49373,444357,3578993
50000,3,2,0.9500000000000006,49690,447210,3658486
50000,3,2,0.9600000000000006,49816,448344,3730418
50000,3,2,0.9700000000000006,49954,449586,3811022
50000,3,2,0.9800000000000006,49992,449928,3889677
50000,3,2,0.9900000000000007,50000,450000,3969174
50000,3,2,1,50000,450000,4050000
50000,3,3,0.0,0,0,0
50000,3,3,0.1,0,0,36406
50000,3,3,0.2,0,0,292446
50000,3,3,0.30000000000000004,0,0,986215
50000,3,3,0.4,0,0,2334412
50000,3,3,0.5,0,0,4559188
50000,3,3,0.6,0,0,7865095
50000,3,3,0.7,0,0,12519822
50000,3,3,0.7999999999999999,222,5994,18673234
50000,3,3,0.71,3,81,13071144
50000,3,3,0.72,4,108,13576497
50000,3,3,0.73,5,135,14193367
50000,3,3,0.74,11,297,14775162
50000,3,3,0.75,17,459,15387046
50000,3,3,0.76,37,999,15999162
50000,3,3,0.77,54,1458,16632835
50000,3,3,0.78,74,1998,17302145
50000,3,3,0.79,134,3618,17951523
50000,3,3,0.8,254,6858,18660701
50000,3,3,0.81,324,8748,19358486
50000,3,3,0.8200000000000001,550,14850,20102927
50000,3,3,0.8300000000000001,964,26028,20856689
50000,3,3,0.8400000000000001,1442,38934,21592545
50000,3,3,0.8500000000000001,2364,63828,22381072
50000,3,3,0.8600000000000001,3617,97659,23162591
50000,3,3,0.8700000000000001,5343,144261,23995268
50000,3,3,0.8800000000000001,8102,218754,24843200
50000,3,3,0.8900000000000001,12080,326160,25703916
50000,3,3,0.9000000000000001,17279,466533,26565830
50000,3,3,0.9100000000000001,23414,632178,27474361
50000,3,3,0.9200000000000002,30829,832383,28382777
50000,3,3,0.9300000000000002,38006,1026162,29330198
50000,3,3,0.9400000000000002,43811,1182897,30288765
50000,3,3,0.9500000000000002,47677,1287279,31253666
50000,3,3,0.9600000000000002,49317,1331559,32237935
50000,3,3,0.9700000000000002,49883,1346841,33271406
50000,3,3,0.9800000000000002,49988,1349676,34310977
50000,3,3,0.9900000000000002,49999,1349973,35367375
50000,3,3,1.0000000000000002,50000,1350000,36450000
50000,3,3,1,50000,1350000,36450000
50000,3,4,0.0,0,0,0
50000,3,4,0.1,0,0,32886
50000,3,4,0.2,0,0,525261
50000,3,4,0.30000000000000004,0,0,2653046
50000,3,4,0.4,0,0,8421866
50000,3,4,0.5,0,0,20497476
50000,3,4,0.6,0,0,42505756
50000,3,4,0.7,0,0,78755552
50000,3,4,0.7999999999999999,0,0,134431122
50000,3,4,0.8999999999999999,11,891,215402568
50000,3,4,0.8099999999999999,0,0,141315226
50000,3,4,0.82,0,0,148220547
50000,3,4,0.83,0,0,155541110
50000,3,4,0.84,0,0,163518575
50000,3,4,0.85,0,0,171213576
50000,3,4,0.86,0,0,179481907
50000,3,4,0.87,1,81,188046951
50000,3,4,0.88,0,0,196956159
50000,3,4,0.89,7,567,205949066
50000,3,4,0.9,15,1215,215229341
50000,3,4,0.91,49,3969,224939705
50000,3,4,0.92,171,13851,234887405
50000,3,4,0.93,663,53703,245521805
50000,3,4,0.9400000000000001,2321,188001,256040878
50000,3,4,0.9500000000000001,7844,635364,267291191
50000,3,4,0.9600000000000001,21961,1778841,278726121
50000,3,4,0.9700000000000001,42206,3418686,290267763
50000,3,4,0.9800000000000001,49793,4033233,302576198
50000,3,4,0.9900000000000001,50000,4050000,315166155
50000,3,4,1,50000,4050000,328050000
50000,3,5,0.0,0,0,0
50000,3,5,0.1,0,0,29676
50000,3,5,0.2,0,0,939955
50000,3,5,0.30000000000000004,0,0,7174722
50000,3,5,0.4,0,0,30280962
50000,3,5,0.5,0,0,92260831
50000,3,5,0.6,0,0,230132473
50000,3,5,0.7,0,0,496632794
50000,3,5,0.7999999999999999,0,0,967257376
50000,3,5,0.8999999999999999,0,0,1743127919
50000,3,5,0.9999999999999999,50000,12150000,2952450000
50000,3,5,0.9999999999999999,50000,12150000,2952450000
50000,3,5,1,50000,12150000,2952450000
50000,5,1,0.0,0,0,0
50000,5,1,0.1,2,10,124932
50000,5,1,0.01,0,0,12437
50000,5,1,0.02,0,0,24946
50000,5,1,0.03,0,0,37483
50000,5,1,0.04,0,0,50128
50000,5,1,0.05,0,0,62360
50000,5,1,0.060000000000000005,1,5,74525
50000,5,1,0.07,0,0,87603
50000,5,1,0.08,2,10,99441
50000,5,1,0.09,2,10,112784
50000,5,1,0.09999999999999999,2,10,124400
50000,5,1,0.10999999999999999,5,25,137501
50000,5,1,0.11999999999999998,5,25,150632
50000,5,1,0.12999999999999998,13,65,162907
50000,5,1,0.13999999999999999,15,75,174985
50000,5,1,0.15,15,75,187973
50000,5,1,0.16,24,120,199705
50000,5,1,0.17,39,195,212954
50000,5,1,0.18000000000000002,58,290,225260
50000,5,1,0.19000000000000003,63,315,238242
50000,5,1,0.20000000000000004,91,455,250195
50000,5,1,0.21000000000000005,89,445,261693
50000,5,1,0.22000000000000006,127,635,274733
50000,5,1,0.23000000000000007,158,790,287361
50000,5,1,0.24000000000000007,182,910,299895
50000,5,1,0.25000000000000006,256,1280,311967
50000,5,1,0.26000000000000006,306,1530,324884
50000,5,1,0.2700000000000001,356,1780,337961
50000,5,1,0.2800000000000001,413,2065,349936
50000,5,1,0.2900000000000001,527,2635,362984
50000,5,1,0.3000000000000001,640,3200,375633
50000,5,1,0.3100000000000001,680,3400,387050
50000,5,1,0.3200000000000001,850,4250,399727
50000,5,1,0.3300000000000001,944,4720,412568
50000,5,1,0.34000000000000014,1102,5510,424582
50000,5,1,0.35000000000000014,1331,6655,437308
50000,5,1,0.36000000000000015,1456,7280,450378
50000,5,1,0.37000000000000016,1676,8380,461967
50000,5,1,0.38000000000000017,1953,9765,474873
50000,5,1,0.3900000000000002,2254,11270,487024
50000,5,1,0.4000000000000002,2547,12735,500662
50000,5,1,0.4100000000000002,2914,14570,513033
50000,5,1,0.4200000000000002,3060,15300,523602
50000,5,1,0.4300000000000002,3562,17810,538062
50000,5,1,0.4400000000000002,4068,20340,550264
50000,5,1,0.45000000000000023,4486,22430,562691
50000,5,1,0.46000000000000024,4921,24605,574393
50000,5,1,0.47000000000000025,5541,27705,588234
50000,5,1,0.48000000000000026,6043,30215,600818
50000,5,1,0.49000000000000027,6515,32575,611727
50000,5,1,0.5000000000000002,7322,36610,625092
50000,5,1,0.5100000000000002,8086,40430,637586
50000,5,1,0.5200000000000002,8881,44405,650839
50000,5,1,0.5300000000000002,9586,47930,662077
50000,5,1,0.5400000000000003,10468,52340,674730
50000,5,1,0.5500000000000003,11421,57105,687015
50000,5,1,0.5600000000000003,12331,61655,700703
50000,5,1,0.5700000000000003,13469,67345,712986
50000,5,1,0.5800000000000003,14570,72850,725219
50000,5,1,0.5900000000000003,15458,77290,736919
50000,5,1,0.6000000000000003,16792,83960,750560
50000,5,1,0.6100000000000003,17868,89340,761941
50000,5,1,0.6200000000000003,19120,95600,775617
50000,5,1,0.6300000000000003,20180,100900,786910
50000,5,1,0.6400000000000003,21503,107515,799395
50000,5,1,0.6500000000000004,22910,114550,811843
50000,5,1,0.6600000000000004,24268,121340,824622
50000,5,1,0.6700000000000004,25748,128740,836745
50000,5,1,0.6800000000000004,27228,136140,850239
50000,5,1,0.6900000000000004,28661,143305,862765
50000,5,1,0.7000000000000004,30073,150365,875207
50000,5,1,0.7100000000000004,31397,156985,886897
50000,5,1,0.7200000000000004,32935,164675,900327
50000,5,1,0.7300000000000004,34321,171605,912759
50000,5,1,0.7400000000000004,35714,178570,925099
50000,5,1,0.7500000000000004,37110,185550,938284
50000,5,1,0.7600000000000005,38521,192605,950734
50000,5,1,0.7700000000000005,39570,197850,961782
50000,5,1,0.7800000000000005,40847,204235,975477
50000,5,1,0.7900000000000005,41943,209715,987529
50000,5,1,0.8000000000000005,43161,215805,999599
50000,5,1,0.8100000000000005,44063,220315,1012151
50000,5,1,0.8200000000000005,45045,225225,1025030
50000,5,1,0.8300000000000005,45989,229945,1037213
50000,5,1,0.8400000000000005,46700,233500,1050094
50000,5,1,0.8500000000000005,47310,236550,1062674
50000,5,1,0.8600000000000005,47899,239495,1075026
50000,5,1,0.8700000000000006,48429,242145,1087490
50000,5,1,0.8800000000000006,48860,244300,1100153
50000,5,1,0.8900000000000006,49142,245710,1112507
50000,5,1,0.9000000000000006,49428,247140,1125184
50000,5,1,0.9100000000000006,49587,247935,1138038
50000,5,1,0.9200000000000006,49778,248890,1150228
50000,5,1,0.9300000000000006,49857,249285,1162197
50000,5,1,0.9400000000000006,49918,249590,1174616
50000,5,1,0.9500000000000006,49971,249855,1187333
50000,5,1,0.9600000000000006,49989,249945,1199991
50000,5,1,0.9700000000000006,49998,249990,1212695
50000,5,1,0.9800000000000006,49999,249995,1224930
50000,5,1,0.9900000000000007,50000,250000,1237322
50000,5,1,1,50000,250000,1250000
50000,5,2,0.0,0,0,0
50000,5,2,0.1,0,0,312218
50000,5,2,0.2,0,0,1248070
50000,5,2,0.30000000000000004,0,0,2813239
50000,5,2,0.4,0,0,5005258
50000,5,2,0.5,0,0,7819586
50000,5,2,0.6,0,0,11239084
50000,5,2,0.7,33,825,15314490
50000,5,2,0.61,2,50,11624233
50000,5,2,0.62,0,0,12011296
50000,5,2,0.63,0,0,12407067
50000,5,2,0.64,1,25,12792418
50000,5,2,0.65,1,25,13207853
50000,5,2,0.66,6,150,13611423
50000,5,2,0.67,6,150,14042570
50000,5,2,0.68,12,300,14441952
50000,5,2,0.6900000000000001,17,425,14874736
50000,5,2,0.7000000000000001,28,700,15316032
50000,5,2,0.7100000000000001,38,950,15759401
50000,5,2,0.7200000000000001,70,1750,16205180
50000,5,2,0.7300000000000001,105,2625,16649145
50000,5,2,0.7400000000000001,147,3675,17115931
50000,5,2,0.7500000000000001,203,5075,17576681
50000,5,2,0.7600000000000001,322,8050,18054528
50000,5,2,0.7700000000000001,483,12075,18512336
50000,5,2,0.7800000000000001,697,17425,19019542
50000,5,2,0.7900000000000001,1056,26400,19503985
50000,5,2,0.8000000000000002,1565,39125,19987273
50000,5,2,0.8100000000000002,2176,54400,20517409
50000,5,2,0.8200000000000002,3101,77525,21006190
50000,5,2,0.8300000000000002,4315,107875,21517773
50000,5,2,0.8400000000000002,6123,153075,22035479
50000,5,2,0.8500000000000002,8511,212775,22570864
50000,5,2,0.8600000000000002,11610,290250,23108457
50000,5,2,0.8700000000000002,15714,392850,23648544
50000,5,2,0.8800000000000002,20300,507500,24197566
50000,5,2,0.8900000000000002,25977,649425,24742914
50000,5,2,0.9000000000000002,31696,792400,25296615
50000,5,2,0.9100000000000003,37668,941700,25874961
50000,5,2,0.9200000000000003,42779,1069475,26450825
50000,5,2,0.9300000000000003,46475,1161875,27029198
50000,5,2,0.9400000000000003,48662,1216550,27618645
50000,5,2,0.9500000000000003,49635,1240875,28203988
50000,5,2,0.9600000000000003,49917,1247925,28796446
50000,5,2,0.9700000000000003,49990,1249750,29409567
50000,5,2,0.9800000000000003,50000,1250000,30012481
50000,5,2,1,50000,1250000,31250000
50000,5,3,0.0,0,0,0
50000,5,3,0.1,0,0,781133
50000,5,3,0.2,0,0,6258444
50000,5,3,0.30000000000000004,0,0,21120477
50000,5,3,0.4,0,0,49966668
50000,5,3,0.5,0,0,97530321
50000,5,3,0.6,0,0,168771402
50000,5,3,0.7,0,0,267736393
50000,5,3,0.7999999999999999,0,0,400005477
50000,5,3,0.8999999999999999,0,0,569606425
50000,5,3,0.9999999999999999,50000,6250000,781250000
50000,5,3,0.9999999999999999,50000,6250000,781250000
50000,5,3,1,50000,6250000,781250000
50000,7,1,0.0,0,0,0
50000,7,1,0.1,0,0,245485
50000,7,1,0.2,4,28,489738
50000,7,1,0.11,0,0,270268
50000,7,1,0.12,0,0,294108
50000,7,1,0.13,0,0,319218
50000,7,1,0.14,0,0,343588
50000,7,1,0.15000000000000002,0,0,367874
50000,7,1,0.16000000000000003,3,21,391713
50000,7,1,0.17000000000000004,3,21,414596
50000,7,1,0.18000000000000005,1,7,442096
50000,7,1,0.19000000000000006,5,35,466039
50000,7,1,0.20000000000000007,6,42,489666
50000,7,1,0.21000000000000008,7,49,514027
50000,7,1,0.22000000000000008,8,56,538650
50000,7,1,0.2300000000000001,11,77,563402
50000,7,1,0.2400000000000001,12,84,589253
50000,7,1,0.2500000000000001,26,182,613458
50000,7,1,0.2600000000000001,27,189,637480
50000,7,1,0.27000000000000013,32,224,661969
50000,7,1,0.28000000000000014,32,224,685874
50000,7,1,0.29000000000000015,70,490,711907
50000,7,1,0.30000000000000016,78,546,735249
50000,7,1,0.31000000000000016,106,742,759115
50000,7,1,0.3200000000000002,130,910,782447
50000,7,1,0.3300000000000002,163,1141,807536
50000,7,1,0.3400000000000002,213,1491,832989
50000,7,1,0.3500000000000002,238,1666,856563
50000,7,1,0.3600000000000002,258,1806,881023
50000,7,1,0.3700000000000002,324,2268,906209
50000,7,1,0.3800000000000002,395,2765,931414
50000,7,1,0.39000000000000024,455,3185,954782
50000,7,1,0.40000000000000024,544,3808,980610
50000,7,1,0.41000000000000025,701,4907,1005772
50000,7,1,0.42000000000000026,780,5460,1028936
50000,7,1,0.43000000000000027,981,6867,1052842
50000,7,1,0.4400000000000003,1127,7889,1076835
50000,7,1,0.4500000000000003,1295,9065,1101842
50000,7,1,0.4600000000000003,1520,10640,1127240
50000,7,1,0.4700000000000003,1768,12376,1150377
50000,7,1,0.4800000000000003,1946,13622,1175239
50000,7,1,0.4900000000000003,2287,16009,1200768
50000,7,1,0.5000000000000003,2693,18851,1225012
50000,7,1,0.5100000000000003,3085,21595,1249067
50000,7,1,0.5200000000000004,3506,24542,1275253
50000,7,1,0.5300000000000004,3909,27363,1298055
50000,7,1,0.5400000000000004,4477,31339,1322825
50000,7,1,0.5500000000000004,5160,36120,1346833
50000,7,1,0.5600000000000004,5839,40873,1371925
50000,7,1,0.5700000000000004,6479,45353,1396164
50000,7,1,0.5800000000000004,7345,51415,1420888
50000,7,1,0.5900000000000004,8088,56616,1446457
50000,7,1,0.6000000000000004,9011,63077,1469479
50000,7,1,0.6100000000000004,9969,69783,1494368
50000,7,1,0.6200000000000004,11123,77861,1520304
50000,7,1,0.6300000000000004,12209,85463,1544476
50000,7,1,0.6400000000000005,13446,94122,1567800
50000,7,1,0.6500000000000005,14690,102830,1591500
50000,7,1,0.6600000000000005,16129,112903,1616495
50000,7,1,0.6700000000000005,17838,124866,1642631
50000,7,1,0.6800000000000005,19107,133749,1665051
50000,7,1,0.6900000000000005,21107,147749,1690447
50000,7,1,0.7000000000000005,22443,157101,1714540
50000,7,1,0.7100000000000005,24299,170093,1738090
50000,7,1,0.7200000000000005,26021,182147,1763899
50000,7,1,0.7300000000000005,27903,195321,1788343
50000,7,1,0.7400000000000005,29544,206808,1811551
50000,7,1,0.7500000000000006,31746,222222,1838080
50000,7,1,0.7600000000000006,33295,233065,1860429
50000,7,1,0.7700000000000006,35088,245616,1885823
50000,7,1,0.7800000000000006,36977,258839,1911046
50000,7,1,0.7900000000000006,38836,271852,1935310
50000,7,1,0.8000000000000006,40402,282814,1959939
50000,7,1,0.8100000000000006,41914,293398,1985334
50000,7,1,0.8200000000000006,43342,303394,2010052
50000,7,1,0.8300000000000006,44667,312669,2034665
50000,7,1,0.8400000000000006,45619,319333,2057797
50000,7,1,0.8500000000000006,46630,326410,2082654
50000,7,1,0.8600000000000007,47455,332185,2105660
50000,7,1,0.8700000000000007,48143,337001,2131533
50000,7,1,0.8800000000000007,48760,341320,2157397
50000,7,1,0.8900000000000007,49161,344127,2180530
50000,7,1,0.9000000000000007,49498,346486,2205038
50000,7,1,0.9100000000000007,49680,347760,2229890
50000,7,1,0.9200000000000007,49834,348838,2253607
50000,7,1,0.9300000000000007,49913,349391,2278847
50000,7,1,0.9400000000000007,49965,349755,2302958
50000,7,1,0.9500000000000007,49984,349888,2327187
50000,7,1,0.9600000000000007,49996,349972,2352644
50000,7,1,0.9700000000000008,50000,350000,2376896
50000,7,1,1,50000,350000,2450000
50000,7,2,0.0,0,0,0
50000,7,2,0.1,0,0,1200912
50000,7,2,0.2,0,0,4809133
50000,7,2,0.30000000000000004,0,0,10816856
50000,7,2,0.4,0,0,19188375
50000,7,2,0.5,0,0,30026825
50000,7,2,0.6,0,0,43212414
50000,7,2,0.7,0,0,58841256
50000,7,2,0.7999999999999999,3,147,76861863
50000,7,2,0.71,0,0,60556841
50000,7,2,0.72,0,0,62245917
50000,7,2,0.73,0,0,63989452
50000,7,2,0.74,0,0,65763902
50000,7,2,0.75,0,0,67554340
50000,7,2,0.76,1,49,69349219
50000,7,2,0.77,1,49,71152769
50000,7,2,0.78,3,147,73009307
50000,7,2,0.79,4,196,74914613
50000,7,2,0.8,3,147,76804645
50000,7,2,0.81,20,980,78766050
50000,7,2,0.8200000000000001,42,2058,80788932
50000,7,2,0.8300000000000001,58,2842,82713167
50000,7,2,0.8400000000000001,145,7105,84680052
50000,7,2,0.8500000000000001,293,14357,86748141
50000,7,2,0.8600000000000001,516,25284,88785917
50000,7,2,0.8700000000000001,987,48363,90880943
50000,7,2,0.8800000000000001,1861,91189,92991779
50000,7,2,0.8900000000000001,3548,173852,95068620
50000,7,2,0.9000000000000001,6201,303849,97195319
50000,7,2,0.9100000000000001,10966,537334,99419183
50000,7,2,0.9200000000000002,18162,889938,101599741
50000,7,2,0.9300000000000002,27935,1368815,103843154
50000,7,2,0.9400000000000002,38533,1888117,106054954
50000,7,2,0.9500000000000002,46403,2273747,108352050
50000,7,2,0.9600000000000002,49480,2424520,110642758
50000,7,2,0.9700000000000002,49980,2449020,112984390
50000,7,2,0.9800000000000002,50000,2450000,115294445
50000,7,2,1,50000,2450000,120050000
50000,11,1,0.0,0,0,0
50000,11,1,0.1,0,0,605103
50000,11,1,0.2,0,0,1209860
50000,11,1,0.30000000000000004,1,11,1815878
50000,11,1,0.21000000000000005,0,0,1271225
50000,11,1,0.22000000000000006,0,0,1332660
50000,11,1,0.23000000000000007,0,0,1392083
50000,11,1,0.24000000000000007,0,0,1450989
50000,11,1,0.25000000000000006,0,0,1510128
50000,11,1,0.26000000000000006,0,0,1573074
50000,11,1,0.2700000000000001,0,0,1633039
50000,11,1,0.2800000000000001,0,0,1694647
50000,11,1,0.2900000000000001,2,22,1755862
50000,11,1,0.3000000000000001,1,11,1812470
50000,11,1,0.3100000000000001,2,22,1874969
50000,11,1,0.3200000000000001,3,33,1938132
50000,11,1,0.3300000000000001,2,22,1995932
50000,11,1,0.34000000000000014,4,44,2056605
50000,11,1,0.35000000000000014,5,55,2119881
50000,11,1,0.36000000000000015,5,55,2176786
50000,11,1,0.37000000000000016,11,121,2238644
50000,11,1,0.38000000000000017,11,121,2300142
50000,11,1,0.3900000000000002,17,187,2358616
50000,11,1,0.4000000000000002,16,176,2419688
50000,11,1,0.4100000000000002,31,341,2480204
50000,11,1,0.4200000000000002,41,451,2539257
50000,11,1,0.4300000000000002,55,605,2602170
50000,11,1,0.4400000000000002,63,693,2661083
50000,11,1,0.45000000000000023,89,979,2722308
50000,11,1,0.46000000000000024,123,1353,2780932
50000,11,1,0.47000000000000025,146,1606,2842403
50000,11,1,0.48000000000000026,167,1837,2903213
50000,11,1,0.49000000000000027,194,2134,2962670
50000,11,1,0.5000000000000002,235,2585,3024286
50000,11,1,0.5100000000000002,322,3542,3083968
50000,11,1,0.5200000000000002,437,4807,3145153
50000,11,1,0.5300000000000002,502,5522,3205750
50000,11,1,0.5400000000000003,590,6490,3266032
50000,11,1,0.5500000000000003,733,8063,3326744
50000,11,1,0.5600000000000003,977,10747,3386203
50000,11,1,0.5700000000000003,1130,12430,3450848
50000,11,1,0.5800000000000003,1382,15202,3508567
50000,11,1,0.5900000000000003,1650,18150,3565731
50000,11,1,0.6000000000000003,1908,20988,3628208
50000,11,1,0.6100000000000003,2381,26191,3691394
50000,11,1,0.6200000000000003,2870,31570,3750907
50000,11,1,0.6300000000000003,3261,35871,3810633
50000,11,1,0.6400000000000003,3914,43054,3869831
50000,11,1,0.6500000000000004,4577,50347,3932218
50000,11,1,0.6600000000000004,5500,60500,3995333
50000,11,1,0.6700000000000004,6301,69311,4054182
50000,11,1,0.6800000000000004,7383,81213,4112760
50000,11,1,0.6900000000000004,8386,92246,4172634
50000,11,1,0.7000000000000004,9917,109087,4235382
50000,11,1,0.7100000000000004,11260,123860,4296296
50000,11,1,0.7200000000000004,13031,143341,4356265
50000,11,1,0.7300000000000004,14652,161172,4416069
50000,11,1,0.7400000000000004,16695,183645,4476956
50000,11,1,0.7500000000000004,19047,209517,4537169
50000,11,1,0.7600000000000005,21267,233937,4598675
50000,11,1,0.7700000000000005,23660,260260,4659976
50000,11,1,0.7800000000000005,26124,287364,4720357
50000,11,1,0.7900000000000005,28695,315645,4779669
50000,11,1,0.8000000000000005,31351,344861,4841081
50000,11,1,0.8100000000000005,34097,375067,4900199
50000,11,1,0.8200000000000005,36637,403007,4960803
50000,11,1,0.8300000000000005,38963,428593,5021488
50000,11,1,0.8400000000000005,41278,454058,5081539
50000,11,1,0.8500000000000005,43374,477114,5142297
50000,11,1,0.8600000000000005,45139,496529,5202396
50000,11,1,0.8700000000000006,46575,512325,5263564
50000,11,1,0.8800000000000006,47744,525184,5323230
50000,11,1,0.8900000000000006,48666,535326,5384371
50000,11,1,0.9000000000000006,49230,541530,5444264
50000,11,1,0.9100000000000006,49558,545138,5504074
50000,11,1,0.9200000000000006,49835,548185,5567580
50000,11,1,0.9300000000000006,49934,549274,5626383
50000,11,1,0.9400000000000006,49982,549802,5687667
50000,11,1,0.9500000000000006,49996,549956,5747569
50000,11,1,0.9600000000000006,50000,550000,5808396
50000,11,1,1,50000,550000,6050000
50000,11,2,0.0,0,0,0
50000,11,2,0.1,0,0,7333176
50000,11,2,0.2,0,0,29243105
50000,11,2,0.30000000000000004,0,0,65858423
50000,11,2,0.4,0,0,117088562
50000,11,2,0.5,0,0,183159381
50000,11,2,0.6,0,0,263471983
50000,11,2,0.7,0,0,358707860
50000,11,2,0.7999999999999999,0,0,468502960
50000,11,2,0.8999999999999999,12,1452,592926395
50000,11,2,0.8099999999999999,0,0,480256162
50000,11,2,0.82,0,0,492223884
50000,11,2,0.83,0,0,504289400
50000,11,2,0.84,0,0,516440867
50000,11,2,0.85,0,0,529053626
50000,11,2,0.86,0,0,541373924
50000,11,2,0.87,0,0,554003122
50000,11,2,0.88,0,0,566754175
50000,11,2,0.89,1,121,579903029
50000,11,2,0.9,9,1089,592763052
50000,11,2,0.91,20,2420,606175451
50000,11,2,0.92,104,12584,619608493
50000,11,2,0.93,403,48763,633088059
50000,11,2,0.9400000000000001,1674,202554,646915841
50000,11,2,0.9500000000000001,6511,787831,660776890
50000,11,2,0.9600000000000001,21210,2566410,674688275
50000,11,2,0.9700000000000001,43887,5310327,688763339
50000,11,2,0.9800000000000001,49973,6046733,703028196
50000,11,2,0.9900000000000001,50000,6050000,717417099
50000,11,2,1,50000,6050000,732050000
50000,13,1,0.0,0,0,0
50000,13,1,0.1,0,0,845167
50000,13,1,0.2,0,0,1690086
50000,13,1,0.30000000000000004,1,13,2534014
50000,13,1,0.21000000000000005,0,0,1774747
50000,13,1,0.22000000000000006,0,0,1856481
50000,13,1,0.23000000000000007,0,0,1942988
50000,13,1,0.24000000000000007,0,0,2030542
50000,13,1,0.25000000000000006,1,13,2115201
50000,13,1,0.26000000000000006,0,0,2196606
50000,13,1,0.2700000000000001,0,0,2279552
50000,13,1,0.2800000000000001,0,0,2367341
50000,13,1,0.2900000000000001,0,0,2452297
50000,13,1,0.3000000000000001,0,0,2533634
50000,13,1,0.3100000000000001,0,0,2617569
50000,13,1,0.3200000000000001,0,0,2704470
50000,13,1,0.3300000000000001,1,13,2788744
50000,13,1,0.34000000000000014,2,26,2873508
50000,13,1,0.35000000000000014,0,0,2958320
50000,13,1,0.36000000000000015,0,0,3039734
50000,13,1,0.37000000000000016,0,0,3126985
50000,13,1,0.38000000000000017,2,26,3210854
50000,13,1,0.3900000000000002,3,39,3295694
50000,13,1,0.4000000000000002,3,39,3379232
50000,13,1,0.4100000000000002,3,39,3464899
50000,13,1,0.4200000000000002,7,91,3547088
50000,13,1,0.4300000000000002,9,117,3634763
50000,13,1,0.4400000000000002,10,130,3717986
50000,13,1,0.45000000000000023,23,299,3803539
50000,13,1,0.46000000000000024,25,325,3885458
50000,13,1,0.47000000000000025,39,507,3971284
50000,13,1,0.48000000000000026,37,481,4056534
50000,13,1,0.49000000000000027,60,780,4139354
50000,13,1,0.5000000000000002,81,1053,4224110
50000,13,1,0.5100000000000002,83,1079,4307716
50000,13,1,0.5200000000000002,134,1742,4394576
50000,13,1,0.5300000000000002,165,2145,4479187
50000,13,1,0.5400000000000003,197,2561,4564311
50000,13,1,0.5500000000000003,291,3783,4647762
50000,13,1,0.5600000000000003,342,4446,4731212
50000,13,1,0.5700000000000003,437,5681,4818504
50000,13,1,0.5800000000000003,532,6916,4899875
50000,13,1,0.5900000000000003,650,8450,4985907
50000,13,1,0.6000000000000003,836,10868,5069888
50000,13,1,0.6100000000000003,1004,13052,5155036
50000,13,1,0.6200000000000003,1257,16341,5235940
50000,13,1,0.6300000000000003,1558,20254,5323395
50000,13,1,0.6400000000000003,1928,25064,5407087
50000,13,1,0.6500000000000004,2291,29783,5492968
50000,13,1,0.6600000000000004,2804,36452,5577343
50000,13,1,0.6700000000000004,3417,44421,5662148
50000,13,1,0.6800000000000004,4221,54873,5744291
50000,13,1,0.6900000000000004,4963,64519,5831633
50000,13,1,0.7000000000000004,6038,78494,5913851
50000,13,1,0.7100000000000004,6987,90831,5997819
50000,13,1,0.7200000000000004,8319,108147,6084349
50000,13,1,0.7300000000000004,9843,127959,6169731
50000,13,1,0.7400000000000004,11466,149058,6253414
50000,13,1,0.7500000000000004,13409,174317,6335994
50000,13,1,0.7600000000000005,15812,205556,6422769
50000,13,1,0.7700000000000005,17872,232336,6505476
50000,13,1,0.7800000000000005,20235,263055,6590689
50000,13,1,0.7900000000000005,23134,300742,6676930
50000,13,1,0.8000000000000005,25879,336427,6758907
50000,13,1,0.8100000000000005,29203,379639,6845283
50000,13,1,0.8200000000000005,32110,417430,6927160
50000,13,1,0.8300000000000005,35038,455494,7013570
50000,13,1,0.8400000000000005,37864,492232,7099332
50000,13,1,0.8500000000000005,40707,529191,7182466
50000,13,1,0.8600000000000005,43032,559416,7266026
50000,13,1,0.8700000000000006,45125,586625,7350746
50000,13,1,0.8800000000000006,46752,607776,7435791
50000,13,1,0.8900000000000006,47996,623948,7518925
50000,13,1,0.9000000000000006,48904,635752,7605419
50000,13,1,0.9100000000000006,49442,642746,7689377
50000,13,1,0.9200000000000006,49768,646984,7773885
50000,13,1,0.9300000000000006,49918,648934,7858056
50000,13,1,0.9400000000000006,49981,649753,7943450
50000,13,1,0.9500000000000006,49995,649935,8028096
50000,13,1,0.9600000000000006,50000,650000,8112810
50000,13,1,1,50000,650000,8450000
50000,13,2,0.0,0,0,0
50000,13,2,0.1,0,0,14284041
50000,13,2,0.2,0,0,57102671
50000,13,2,0.30000000000000004,0,0,128684363
50000,13,2,0.4,0,0,228413290
50000,13,2,0.5,0,0,356888990
50000,13,2,0.6,0,0,514053356
50000,13,2,0.7,0,0,699640638
50000,13,2,0.7999999999999999,0,0,914256257
50000,13,2,0.8999999999999999,0,0,1156836010
50000,13,2,0.9999999999999999,50000,8450000,1428050000
50000,13,2,0.9999999999999999,50000,8450000,1428050000
50000,13,2,1,50000,8450000,1428050000
50000,17,1,0.0,0,0,0
50000,17,1,0.1,0,0,1445110
50000,17,1,0.2,0,0,2890181
50000,17,1,0.30000000000000004,0,0,4334816
50000,17,1,0.4,1,17,5777749
50000,17,1,0.31000000000000005,0,0,4480974
50000,17,1,0.32000000000000006,0,0,4623345
50000,17,1,0.33000000000000007,0,0,4768558
50000,17,1,0.3400000000000001,0,0,4913174
50000,17,1,0.3500000000000001,0,0,5059534
50000,17,1,0.3600000000000001,0,0,5202965
50000,17,1,0.3700000000000001,0,0,5349937
50000,17,1,0.3800000000000001,0,0,5489336
50000,17,1,0.3900000000000001,0,0,5635720
50000,17,1,0.40000000000000013,0,0,5783045
50000,17,1,0.41000000000000014,0,0,5925074
50000,17,1,0.42000000000000015,1,17,6072412
50000,17,1,0.43000000000000016,0,0,6212351
50000,17,1,0.44000000000000017,0,0,6357813
50000,17,1,0.4500000000000002,0,0,6499967
50000,17,1,0.4600000000000002,4,68,6649299
50000,17,1,0.4700000000000002,3,51,6789047
50000,17,1,0.4800000000000002,0,0,6937600
50000,17,1,0.4900000000000002,2,34,7082908
50000,17,1,0.5000000000000002,6,102,7227394
50000,17,1,0.5100000000000002,5,85,7370572
50000,17,1,0.5200000000000002,13,221,7516588
50000,17,1,0.5300000000000002,20,340,7660072
50000,17,1,0.5400000000000003,27,459,7802475
50000,17,1,0.5500000000000003,36,612,7947008
50000,17,1,0.5600000000000003,55,935,8090023
50000,17,1,0.5700000000000003,60,1020,8235783
50000,17,1,0.5800000000000003,87,1479,8381708
50000,17,1,0.5900000000000003,114,1938,8525323
50000,17,1,0.6000000000000003,142,2414,8670631
50000,17,1,0.6100000000000003,202,3434,8815236
50000,17,1,0.6200000000000003,271,4607,8960162
50000,17,1,0.6300000000000003,344,5848,9105780
50000,17,1,0.6400000000000003,426,7242,9248470
50000,17,1,0.6500000000000004,559,9503,9391459
50000,17,1,0.6600000000000004,685,11645,9537550
50000,17,1,0.6700000000000004,948,16116,9682311
50000,17,1,0.6800000000000004,1106,18802,9823724
50000,17,1,0.6900000000000004,1535,26095,9967672
50000,17,1,0.7000000000000004,1963,33371,10114004
50000,17,1,0.7100000000000004,2493,42381,10258193
50000,17,1,0.7200000000000004,3186,54162,10402056
50000,17,1,0.7300000000000004,3841,65297,10547700
50000,17,1,0.7400000000000004,4810,81770,10693792
50000,17,1,0.7500000000000004,5981,101677,10835511
50000,17,1,0.7600000000000005,7483,127211,10982478
50000,17,1,0.7700000000000005,9133,155261,11123593
50000,17,1,0.7800000000000005,10995,186915,11269814
50000,17,1,0.7900000000000005,13514,229738,11415078
50000,17,1,0.8000000000000005,15932,270844,11560590
50000,17,1,0.8100000000000005,19111,324887,11705109
50000,17,1,0.8200000000000005,22396,380732,11848539
50000,17,1,0.8300000000000005,25971,441507,11994254
50000,17,1,0.8400000000000005,29744,505648,12136200
50000,17,1,0.8500000000000005,33421,568157,12284005
50000,17,1,0.8600000000000005,37244,633148,12425415
50000,17,1,0.8700000000000006,40679,691543,12570445
50000,17,1,0.8800000000000006,43554,740418,12716901
50000,17,1,0.8900000000000006,45976,781592,12859918
50000,17,1,0.9000000000000006,47653,810101,13003889
50000,17,1,0.9100000000000006,48835,830195,13147483
50000,17,1,0.9200000000000006,49514,841738,13293804
50000,17,1,0.9300000000000006,49855,847535,13438816
50000,17,1,0.9400000000000006,49972,849524,13581362
50000,17,1,0.9500000000000006,49996,849932,13728478
50000,17,1,0.9600000000000006,50000,850000,13872429
50000,17,1,1,50000,850000,14450000
50000,17,2,0.0,0,0,0
50000,17,2,0.1,0,0,41770260
50000,17,2,0.2,0,0,167047888
50000,17,2,0.30000000000000004,0,0,375974791
50000,17,2,0.4,0,0,667746492
50000,17,2,0.5,0,0,1043619211
50000,17,2,0.6,0,0,1502998696
50000,17,2,0.7,0,0,2046088161
50000,17,2,0.7999999999999999,0,0,2672550402
50000,17,2,0.8999999999999999,0,0,3382243422
50000,17,2,0.9999999999999999,50000,14450000,4176050000
50000,17,2,0.9999999999999999,50000,14450000,4176050000
50000,17,2,1,50000,14450000,4176050000
50000,25,1,0.0,0,0,0
50000,25,1,0.1,0,0,3123190
50000,25,1,0.2,0,0,6249995
50000,25,1,0.30000000000000004,0,0,9377793
50000,25,1,0.4,0,0,12500545
50000,25,1,0.5,0,0,15623739
50000,25,1,0.6,7,175,18745226
50000,25,1,0.51,0,0,15937063
50000,25,1,0.52,0,0,16251441
50000,25,1,0.53,0,0,16558780
50000,25,1,0.54,2,50,16874010
50000,25,1,0.55,0,0,17189237
50000,25,1,0.56,0,0,17500089
50000,25,1,0.5700000000000001,0,0,17812767
50000,25,1,0.5800000000000001,1,25,18124619
50000,25,1,0.5900000000000001,3,75,18433117
50000,25,1,0.6000000000000001,2,50,18751309
50000,25,1,0.6100000000000001,10,250,19062635
50000,25,1,0.6200000000000001,6,150,19372692
50000,25,1,0.6300000000000001,14,350,19685578
50000,25,1,0.6400000000000001,16,400,19997608
50000,25,1,0.6500000000000001,24,600,20315044
50000,25,1,0.6600000000000001,34,850,20623018
50000,25,1,0.6700000000000002,45,1125,20939288
50000,25,1,0.6800000000000002,74,1850,21248958
50000,25,1,0.6900000000000002,130,3250,21563722
50000,25,1,0.7000000000000002,165,4125,21874759
50000,25,1,0.7100000000000002,240,6000,22184431
50000,25,1,0.7200000000000002,356,8900,22498167
50000,25,1,0.7300000000000002,509,12725,22811709
50000,25,1,0.7400000000000002,675,16875,23129052
50000,25,1,0.7500000000000002,929,23225,23439381
50000,25,1,0.7600000000000002,1304,32600,23750595
50000,25,1,0.7700000000000002,1709,42725,24055789
50000,25,1,0.7800000000000002,2353,58825,24374723
50000,25,1,0.7900000000000003,3325,83125,24685853
50000,25,1,0.8000000000000003,4630,115750,24999460
50000,25,1,0.8100000000000003,6181,154525,25309582
50000,25,1,0.8200000000000003,8082,202050,25623526
50000,25,1,0.8300000000000003,10752,268800,25939628
50000,25,1,0.8400000000000003,13780,344500,26252544
50000,25,1,0.8500000000000003,17678,441950,26563535
50000,25,1,0.8600000000000003,22025,550625,26872482
50000,25,1,0.8700000000000003,26982,674550,27184027
50000,25,1,0.8800000000000003,32321,808025,27499878
50000,25,1,0.8900000000000003,37634,940850,27809524
50000,25,1,0.9000000000000004,42232,1055800,28124437
50000,25,1,0.9100000000000004,45837,1145925,28437062
50000,25,1,0.9200000000000004,48236,1205900,28749611
50000,25,1,0.9300000000000004,49383,1234575,29061057
50000,25,1,0.9400000000000004,49866,1246650,29376693
50000,25,1,0.9500000000000004,49985,1249625,29686551
50000,25,1,0.9600000000000004,49999,1249975,30001013
50000,25,1,0.9700000000000004,50000,1250000,30311880
50000,25,1,1,50000,1250000,31250000
50000,50,1,0.0,0,0,0
50000,50,1,0.1,0,0,12500359
50000,50,1,0.2,0,0,24997301
50000,50,1,0.30000000000000004,0,0,37503311
50000,50,1,0.4,0,0,50007515
50000,50,1,0.5,0,0,62500061
50000,50,1,0.6,0,0,75001209
50000,50,1,0.7,0,0,87502945
50000,50,1,0.7999999999999999,43,2150,100004003
50000,50,1,0.71,0,0,88753346
50000,50,1,0.72,0,0,90009638
50000,50,1,0.73,0,0,91250688
50000,50,1,0.74,1,50,92499339
50000,50,1,0.75,0,0,93752393
50000,50,1,0.76,4,200,95003795
50000,50,1,0.77,4,200,96245442
50000,50,1,0.78,9,450,97505031
50000,50,1,0.79,21,1050,98756664
50000,50,1,0.8,25,1250,99996749
50000,50,1,0.81,76,3800,101251688
50000,50,1,0.8200000000000001,128,6400,102501489
50000,50,1,0.8300000000000001,224,11200,103747129
50000,50,1,0.8400000000000001,424,21200,104999772
50000,50,1,0.8500000000000001,740,37000,106253986
50000,50,1,0.8600000000000001,1307,65350,107498933
50000,50,1,0.8700000000000001,2260,113000,108746114
50000,50,1,0.8800000000000001,4081,204050,110002646
50000,50,1,0.8900000000000001,6867,343350,111250613
50000,50,1,0.9000000000000001,11366,568300,112510594
50000,50,1,0.9100000000000001,18169,908450,113753222
50000,50,1,0.9200000000000002,27088,1354400,114997378
50000,50,1,0.9300000000000002,37189,1859450,116252105
50000,50,1,0.9400000000000002,45053,2252650,117493603
50000,50,1,0.9500000000000002,49074,2453700,118747988
50000,50,1,0.9600000000000002,49948,2497400,119996772
50000,50,1,0.9700000000000002,50000,2500000,121249053
50000,50,1,1,50000,2500000,125000000
50000,75,1,0.0,0,0,0
50000,75,1,0.1,0,0,28121506
50000,75,1,0.2,0,0,56250975
50000,75,1,0.30000000000000004,0,0,84381195
50000,75,1,0.4,0,0,112501195
50000,75,1,0.5,0,0,140627300
50000,75,1,0.6,0,0,168746260
50000,75,1,0.7,0,0,196873080
50000,75,1,0.7999999999999999,0,0,225008699
50000,75,1,0.8999999999999999,1400,105000,253117127
50000,75,1,0.8099999999999999,0,0,227810453
50000,75,1,0.82,0,0,230610383
50000,75,1,0.83,2,150,233427512
50000,75,1,0.84,9,675,236265245
50000,75,1,0.85,19,1425,239071755
50000,75,1,0.86,48,3600,241876378
50000,75,1,0.87,111,8325,244684803
50000,75,1,0.88,261,19575,247503558
50000,75,1,0.89,596,44700,250318053
50000,75,1,0.9,1325,99375,253122977
50000,75,1,0.91,3075,230625,255929284
50000,75,1,0.92,6838,512850,258745451
50000,75,1,0.93,13879,1040925,261565310
50000,75,1,0.9400000000000001,25883,1941225,264386196
50000,75,1,0.9500000000000001,40095,3007125,267189229
50000,75,1,0.9600000000000001,48687,3651525,270000452
50000,75,1,0.9700000000000001,49981,3748575,272812544
50000,75,1,0.9800000000000001,50000,3750000,275626462
50000,75,1,1,50000,3750000,281250000
50000,100,1,0.0,0,0,0
50000,100,1,0.1,0,0,50006664
50000,100,1,0.2,0,0,99997051
50000,100,1,0.30000000000000004,0,0,149998831
50000,100,1,0.4,0,0,199986094
50000,100,1,0.5,0,0,250018720
50000,100,1,0.6,0,0,300021693
50000,100,1,0.7,0,0,350005297
50000,100,1,0.7999999999999999,0,0,399993854
50000,100,1,0.8999999999999999,133,13300,450006476
50000,100,1,0.8099999999999999,0,0,404989327
50000,100,1,0.82,0,0,410002045
50000,100,1,0.83,0,0,415011640
50000,100,1,0.84,0,0,420010383
50000,100,1,0.85,1,100,424988293
50000,100,1,0.86,1,100,429987753
50000,100,1,0.87,3,300,434998285
50000,100,1,0.88,13,1300,440000864
50000,100,1,0.89,35,3500,444991804
50000,100,1,0.9,114,11400,450006358
50000,100,1,0.91,358,35800,455008349
50000,100,1,0.92,1178,117800,460001185
50000,100,1,0.93,3355,335500,465001509
50000,100,1,0.9400000000000001,9236,923600,469995183
50000,100,1,0.9500000000000001,22456,2245600,475000255
50000,100,1,0.9600000000000001,40847,4084700,479998711
50000,100,1,0.9700000000000001,49623,4962300,485003462
50000,100,1,0.9800000000000001,50000,5000000,490003940
50000,100,1,1,50000,5000000,500000000
50000,125,1,0.0,0,0,0
50000,125,1,0.1,0,0,78121936
50000,125,1,0.2,0,0,156230512
50000,125,1,0.30000000000000004,0,0,234370828
50000,125,1,0.4,0,0,312503071
50000,125,1,0.5,0,0,390625815
50000,125,1,0.6,0,0,468753264
50000,125,1,0.7,0,0,546853182
50000,125,1,0.7999999999999999,0,0,624995780
50000,125,1,0.8999999999999999,17,2125,703126141
50000,125,1,0.8099999999999999,0,0,632822302
50000,125,1,0.82,0,0,640624671
50000,125,1,0.83,0,0,648416368
50000,125,1,0.84,0,0,656260041
50000,125,1,0.85,0,0,664050116
50000,125,1,0.86,0,0,671867776
50000,125,1,0.87,1,125,679682942
50000,125,1,0.88,0,0,687503233
50000,125,1,0.89,0,0,695319730
50000,125,1,0.9,11,1375,703126653
50000,125,1,0.91,53,6625,710941311
50000,125,1,0.92,178,22250,718738318
50000,125,1,0.93,727,90875,726566329
50000,125,1,0.9400000000000001,2746,343250,734384859
50000,125,1,0.9500000000000001,9310,1163750,742192624
50000,125,1,0.9600000000000001,26637,3329625,749997345
50000,125,1,0.9700000000000001,46936,5867000,757818105
50000,125,1,0.9800000000000001,49998,6249750,765623610
50000,125,1,0.9900000000000001,50000,6250000,773433389
50000,125,1,1,50000,6250000,781250000
50000,150,1,0.0,0,0,0
50000,150,1,0.1,0,0,112507794
50000,150,1,0.2,0,0,224982593
50000,150,1,0.30000000000000004,0,0,337502860
50000,150,1,0.4,0,0,450001942
50000,150,1,0.5,0,0,562480432
50000,150,1,0.6,0,0,674999330
50000,150,1,0.7,0,0,787508690
50000,150,1,0.7999999999999999,0,0,900010667
50000,150,1,0.8999999999999999,2,300,1012493130
50000,150,1,0.8099999999999999,0,0,911232779
50000,150,1,0.82,0,0,922472098
50000,150,1,0.83,0,0,933715849
50000,150,1,0.84,0,0,944982402
50000,150,1,0.85,0,0,956269624
50000,150,1,0.86,0,0,967499108
50000,150,1,0.87,0,0,978742741
50000,150,1,0.88,0,0,990008460
50000,150,1,0.89,0,0,1001232315
50000,150,1,0.9,1,150,1012497764
50000,150,1,0.91,4,600,1023742533
50000,150,1,0.92,30,4500,1034992680
50000,150,1,0.93,128,19200,1046242506
50000,150,1,0.9400000000000001,682,102300,1057490045
50000,150,1,0.9500000000000001,3259,488850,1068755648
50000,150,1,0.9600000000000001,13945,2091750,1080003006
50000,150,1,0.9700000000000001,39564,5934600,1091253233
50000,150,1,0.9800000000000001,49974,7496100,1102496426
50000,150,1,0.9900000000000001,50000,7500000,1113751331
50000,150,1,1,50000,7500000,1125000000
50000,175,1,0.01,0,0,15315187
50000,175,1,0.02,0,0,30626351
50000,175,1,0.03,0,0,45932003
50000,175,1,0.04,0,0,61237384
50000,175,1,0.05,0,0,76561828
50000,175,1,0.060000000000000005,0,0,91864822
50000,175,1,0.07,0,0,107168135
50000,175,1,0.08,0,0,122487074
50000,175,1,0.09,0,0,137824119
50000,175,1,0.09999999999999999,0,0,153120501
50000,175,1,0.10999999999999999,0,0,168427352
50000,175,1,0.11999999999999998,0,0,183729619
50000,175,1,0.12999999999999998,0,0,199073457
50000,175,1,0.13999999999999999,0,0,214363392
50000,175,1,0.15,0,0,229700605
50000,175,1,0.16,0,0,244993587
50000,175,1,0.17,0,0,260329549
50000,175,1,0.18000000000000002,0,0,275601569
50000,175,1,0.19000000000000003,0,0,290972470
50000,175,1,0.20000000000000004,0,0,306287219
50000,175,1,0.21000000000000005,0,0,321559660
50000,175,1,0.22000000000000006,0,0,336866627
50000,175,1,0.23000000000000007,0,0,352227234
50000,175,1,0.24000000000000007,0,0,367493733
50000,175,1,0.25000000000000006,0,0,382805404
50000,175,1,0.26000000000000006,0,0,398138079
50000,175,1,0.2700000000000001,0,0,413442143
50000,175,1,0.2800000000000001,0,0,428748295
50000,175,1,0.2900000000000001,0,0,444049146
50000,175,1,0.3000000000000001,0,0,459392872
50000,175,1,0.3100000000000001,0,0,474728013
50000,175,1,0.3200000000000001,0,0,490005580
50000,175,1,0.3300000000000001,0,0,505296277
50000,175,1,0.34000000000000014,0,0,520585617
50000,175,1,0.35000000000000014,0,0,535951052
50000,175,1,0.36000000000000015,0,0,551255028
50000,175,1,0.37000000000000016,0,0,566561791
50000,175,1,0.38000000000000017,0,0,581888911
50000,175,1,0.3900000000000002,0,0,597198146
50000,175,1,0.4000000000000002,0,0,612516463
50000,175,1,0.4100000000000002,0,0,627815461
50000,175,1,0.4200000000000002,0,0,643113905
50000,175,1,0.4300000000000002,0,0,658448398
50000,175,1,0.4400000000000002,0,0,673709559
50000,175,1,0.45000000000000023,0,0,689057343
50000,175,1,0.46000000000000024,0,0,704343837
50000,175,1,0.47000000000000025,0,0,719689800
50000,175,1,0.48000000000000026,0,0,734997044
50000,175,1,0.49000000000000027,0,0,750322089
50000,175,1,0.5000000000000002,0,0,765620186
50000,175,1,0.5100000000000002,0,0,780926732
50000,175,1,0.5200000000000002,0,0,796244196
50000,175,1,0.5300000000000002,0,0,811580359
50000,175,1,0.5400000000000003,0,0,826904939
50000,175,1,0.5500000000000003,0,0,842222351
50000,175,1,0.5600000000000003,0,0,857510327
50000,175,1,0.5700000000000003,0,0,872838300
50000,175,1,0.5800000000000003,0,0,888123995
50000,175,1,0.5900000000000003,0,0,903444819
50000,175,1,0.6000000000000003,0,0,918768491
50000,175,1,0.6100000000000003,0,0,934032689
50000,175,1,0.6200000000000003,0,0,949400518
50000,175,1,0.6300000000000003,0,0,964727811
50000,175,1,0.6400000000000003,0,0,980001775
50000,175,1,0.6500000000000004,0,0,995321573
50000,175,1,0.6600000000000004,0,0,1010631989
50000,175,1,0.6700000000000004,0,0,1025943852
50000,175,1,0.6800000000000004,0,0,1041261019
50000,175,1,0.6900000000000004,0,0,1056550845
50000,175,1,0.7000000000000004,0,0,1071862715
50000,175,1,0.7100000000000004,0,0,1087196526
50000,175,1,0.7200000000000004,0,0,1102517194
50000,175,1,0.7300000000000004,0,0,1117814620
50000,175,1,0.7400000000000004,0,0,1133157722
50000,175,1,0.7500000000000004,0,0,1148436869
50000,175,1,0.7600000000000005,0,0,1163747341
50000,175,1,0.7700000000000005,0,0,1179079282
50000,175,1,0.7800000000000005,0,0,1194370508
50000,175,1,0.7900000000000005,0,0,1209676002
50000,175,1,0.8000000000000005,0,0,1225023174
50000,175,1,0.8100000000000005,0,0,1240316428
50000,175,1,0.8200000000000005,0,0,1255617490
50000,175,1,0.8300000000000005,0,0,1270926590
50000,175,1,0.8400000000000005,0,0,1286238231
50000,175,1,0.8500000000000005,0,0,1301546978
50000,175,1,0.8600000000000005,0,0,1316866120
50000,175,1,0.8700000000000006,0,0,1332194949
50000,175,1,0.8800000000000006,0,0,1347505484
50000,175,1,0.8900000000000006,0,0,1362808686
50000,175,1,0.9000000000000006,0,0,1378089434
50000,175,1,0.9100000000000006,0,0,1393442465
50000,175,1,0.9200000000000006,4,700,1408745509
50000,175,1,0.9300000000000006,27,4725,1424063008
50000,175,1,0.9400000000000006,150,26250,1439371266
50000,175,1,0.9500000000000006,1075,188125,1454690451
50000,175,1,0.9600000000000006,6283,1099525,1469983634
50000,175,1,0.9700000000000006,28806,5041050,1485314872
50000,175,1,0.9800000000000006,49740,8704500,1500621986
50000,175,1,0.9900000000000007,50000,8750000,1515932412
50000,175,1,1.0000000000000007,50000,8750000,1531250000
50000,200,1,0.01,0,0,19989855
50000,200,1,0.02,0,0,39989765
50000,200,1,0.03,0,0,60004521
50000,200,1,0.04,0,0,79998993
50000,200,1,0.05,0,0,100006095
50000,200,1,0.060000000000000005,0,0,119992640
50000,200,1,0.07,0,0,139995954
50000,200,1,0.08,0,0,160008059
50000,200,1,0.09,0,0,179986007
50000,200,1,0.09999999999999999,0,0,200024620
50000,200,1,0.10999999999999999,0,0,220018499
50000,200,1,0.11999999999999998,0,0,239990611
50000,200,1,0.12999999999999998,0,0,260023839
50000,200,1,0.13999999999999999,0,0,279985736
50000,200,1,0.15,0,0,299984823
50000,200,1,0.16,0,0,320035290
50000,200,1,0.17,0,0,340012046
50000,200,1,0.18000000000000002,0,0,360000094
50000,200,1,0.19000000000000003,0,0,380004416
50000,200,1,0.20000000000000004,0,0,400002542
50000,200,1,0.21000000000000005,0,0,420005399
50000,200,1,0.22000000000000006,0,0,440018467
50000,200,1,0.23000000000000007,0,0,459961030
50000,200,1,0.24000000000000007,0,0,480000747
50000,200,1,0.25000000000000006,0,0,499979337
50000,200,1,0.26000000000000006,0,0,520008396
50000,200,1,0.2700000000000001,0,0,539980632
50000,200,1,0.2800000000000001,0,0,560017625
50000,200,1,0.2900000000000001,0,0,580023979
50000,200,1,0.3000000000000001,0,0,599998220
50000,200,1,0.3100000000000001,0,0,620017449
50000,200,1,0.3200000000000001,0,0,639976658
50000,200,1,0.3300000000000001,0,0,660017914
50000,200,1,0.34000000000000014,0,0,679990494
50000,200,1,0.35000000000000014,0,0,700056389
50000,200,1,0.36000000000000015,0,0,719991543
50000,200,1,0.37000000000000016,0,0,740007202
50000,200,1,0.38000000000000017,0,0,759996447
50000,200,1,0.3900000000000002,0,0,779978635
50000,200,1,0.4000000000000002,0,0,800018309
50000,200,1,0.4100000000000002,0,0,819990517
50000,200,1,0.4200000000000002,0,0,839994207
50000,200,1,0.4300000000000002,0,0,860020080
50000,200,1,0.4400000000000002,0,0,880010644
50000,200,1,0.45000000000000023,0,0,900024012
50000,200,1,0.46000000000000024,0,0,920012554
50000,200,1,0.47000000000000025,0,0,939972689
50000,200,1,0.48000000000000026,0,0,960003288
50000,200,1,0.49000000000000027,0,0,979997771
50000,200,1,0.5000000000000002,0,0,1000000784
50000,200,1,0.5100000000000002,0,0,1020010650
50000,200,1,0.5200000000000002,0,0,1039995023
50000,200,1,0.5300000000000002,0,0,1060002946
50000,200,1,0.5400000000000003,0,0,1080009930
50000,200,1,0.5500000000000003,0,0,1100033305
50000,200,1,0.5600000000000003,0,0,1119970244
50000,200,1,0.5700000000000003,0,0,1139970358
50000,200,1,0.5800000000000003,0,0,1160010613
50000,200,1,0.5900000000000003,0,0,1179962140
50000,200,1,0.6000000000000003,0,0,1200057987
50000,200,1,0.6100000000000003,0,0,1219992455
50000,200,1,0.6200000000000003,0,0,1240054155
50000,200,1,0.6300000000000003,0,0,1259987043
50000,200,1,0.6400000000000003,0,0,1279991822
50000,200,1,0.6500000000000004,0,0,1300029086
50000,200,1,0.6600000000000004,0,0,1320035107
50000,200,1,0.6700000000000004,0,0,1339984949
50000,200,1,0.6800000000000004,0,0,1359957334
50000,200,1,0.6900000000000004,0,0,1380014407
50000,200,1,0.7000000000000004,0,0,1399978531
50000,200,1,0.7100000000000004,0,0,1420018122
50000,200,1,0.7200000000000004,0,0,1439974761
50000,200,1,0.7300000000000004,0,0,1459990091
50000,200,1,0.7400000000000004,0,0,1479977115
50000,200,1,0.7500000000000004,0,0,1500011994
50000,200,1,0.7600000000000005,0,0,1520014134
50000,200,1,0.7700000000000005,0,0,1539979392
50000,200,1,0.7800000000000005,0,0,1560003947
50000,200,1,0.7900000000000005,0,0,1580033935
50000,200,1,0.8000000000000005,0,0,1600027754
50000,200,1,0.8100000000000005,0,0,1620020062
50000,200,1,0.8200000000000005,0,0,1640019393
50000,200,1,0.8300000000000005,0,0,1660005914
50000,200,1,0.8400000000000005,0,0,1680000968
50000,200,1,0.8500000000000005,0,0,1699997473
50000,200,1,0.8600000000000005,0,0,1719992210
50000,200,1,0.8700000000000006,0,0,1740015075
50000,200,1,0.8800000000000006,0,0,1759987010
50000,200,1,0.8900000000000006,0,0,1780022270
50000,200,1,0.9000000000000006,0,0,1799987784
50000,200,1,0.9100000000000006,0,0,1819989052
50000,200,1,0.9200000000000006,1,200,1839998087
50000,200,1,0.9300000000000006,4,800,1859982257
50000,200,1,0.9400000000000006,45,9000,1880008440
50000,200,1,0.9500000000000006,345,69000,1899998393
50000,200,1,0.9600000000000006,2823,564600,1919998525
50000,200,1,0.9700000000000006,18068,3613600,1939995205
50000,200,1,0.9800000000000006,48510,9702000,1960002309
50000,200,1,0.9900000000000007,50000,10000000,1979992282
50000,200,1,1.0000000000000007,50000,10000000,2000000000
